year,CPIAUCSL,source
1947,22.331666666666667,"BLS CPI-U via FRED CPIAUCSL, annual average"
1948,24.045,"BLS CPI-U via FRED CPIAUCSL, annual average"
1949,23.809166666666666,"BLS CPI-U via FRED CPIAUCSL, annual average"
1950,24.0625,"BLS CPI-U via FRED CPIAUCSL, annual average"
1951,25.973333333333333,"BLS CPI-U via FRED CPIAUCSL, annual average"
1952,26.566666666666666,"BLS CPI-U via FRED CPIAUCSL, annual average"
1953,26.768333333333334,"BLS CPI-U via FRED CPIAUCSL, annual average"
1954,26.865,"BLS CPI-U via FRED CPIAUCSL, annual average"
1955,26.795833333333334,"BLS CPI-U via FRED CPIAUCSL, annual average"
1956,27.190833333333334,"BLS CPI-U via FRED CPIAUCSL, annual average"
1957,28.113333333333333,"BLS CPI-U via FRED CPIAUCSL, annual average"
1958,28.88083333333333,"BLS CPI-U via FRED CPIAUCSL, annual average"
1959,29.150000000000002,"BLS CPI-U via FRED CPIAUCSL, annual average"
1960,29.584999999999997,"BLS CPI-U via FRED CPIAUCSL, annual average"
1961,29.901666666666667,"BLS CPI-U via FRED CPIAUCSL, annual average"
1962,30.253333333333334,"BLS CPI-U via FRED CPIAUCSL, annual average"
1963,30.633333333333336,"BLS CPI-U via FRED CPIAUCSL, annual average"
1964,31.03833333333333,"BLS CPI-U via FRED CPIAUCSL, annual average"
1965,31.528333333333332,"BLS CPI-U via FRED CPIAUCSL, annual average"
1966,32.47083333333333,"BLS CPI-U via FRED CPIAUCSL, annual average"
1967,33.375,"BLS CPI-U via FRED CPIAUCSL, annual average"
1968,34.791666666666664,"BLS CPI-U via FRED CPIAUCSL, annual average"
1969,36.68333333333333,"BLS CPI-U via FRED CPIAUCSL, annual average"
1970,38.84166666666667,"BLS CPI-U via FRED CPIAUCSL, annual average"
1971,40.483333333333334,"BLS CPI-U via FRED CPIAUCSL, annual average"
1972,41.80833333333333,"BLS CPI-U via FRED CPIAUCSL, annual average"
1973,44.425000000000004,"BLS CPI-U via FRED CPIAUCSL, annual average"
1974,49.31666666666666,"BLS CPI-U via FRED CPIAUCSL, annual average"
1975,53.824999999999996,"BLS CPI-U via FRED CPIAUCSL, annual average"
1976,56.93333333333334,"BLS CPI-U via FRED CPIAUCSL, annual average"
1977,60.61666666666667,"BLS CPI-U via FRED CPIAUCSL, annual average"
1978,65.24166666666666,"BLS CPI-U via FRED CPIAUCSL, annual average"
1979,72.58333333333333,"BLS CPI-U via FRED CPIAUCSL, annual average"
1980,82.38333333333334,"BLS CPI-U via FRED CPIAUCSL, annual average"
1981,90.93333333333334,"BLS CPI-U via FRED CPIAUCSL, annual average"
1982,96.53333333333335,"BLS CPI-U via FRED CPIAUCSL, annual average"
1983,99.58333333333333,"BLS CPI-U via FRED CPIAUCSL, annual average"
1984,103.93333333333334,"BLS CPI-U via FRED CPIAUCSL, annual average"
1985,107.60000000000001,"BLS CPI-U via FRED CPIAUCSL, annual average"
1986,109.69166666666666,"BLS CPI-U via FRED CPIAUCSL, annual average"
1987,113.61666666666667,"BLS CPI-U via FRED CPIAUCSL, annual average"
1988,118.27499999999999,"BLS CPI-U via FRED CPIAUCSL, annual average"
1989,123.94166666666666,"BLS CPI-U via FRED CPIAUCSL, annual average"
1990,130.65833333333333,"BLS CPI-U via FRED CPIAUCSL, annual average"
1991,136.16666666666666,"BLS CPI-U via FRED CPIAUCSL, annual average"
1992,140.30833333333334,"BLS CPI-U via FRED CPIAUCSL, annual average"
1993,144.475,"BLS CPI-U via FRED CPIAUCSL, annual average"
1994,148.225,"BLS CPI-U via FRED CPIAUCSL, annual average"
1995,152.38333333333333,"BLS CPI-U via FRED CPIAUCSL, annual average"
1996,156.85833333333332,"BLS CPI-U via FRED CPIAUCSL, annual average"
1997,160.525,"BLS CPI-U via FRED CPIAUCSL, annual average"
1998,163.00833333333333,"BLS CPI-U via FRED CPIAUCSL, annual average"
1999,166.58333333333334,"BLS CPI-U via FRED CPIAUCSL, annual average"
2000,172.1916666666667,"BLS CPI-U via FRED CPIAUCSL, annual average"
2001,177.04166666666666,"BLS CPI-U via FRED CPIAUCSL, annual average"
2002,179.86666666666667,"BLS CPI-U via FRED CPIAUCSL, annual average"
2003,184.0,"BLS CPI-U via FRED CPIAUCSL, annual average"
2004,188.90833333333333,"BLS CPI-U via FRED CPIAUCSL, annual average"
2005,195.26666666666665,"BLS CPI-U via FRED CPIAUCSL, annual average"
2006,201.5583333333333,"BLS CPI-U via FRED CPIAUCSL, annual average"
2007,207.34416666666667,"BLS CPI-U via FRED CPIAUCSL, annual average"
2008,215.25424999999998,"BLS CPI-U via FRED CPIAUCSL, annual average"
2009,214.56466666666665,"BLS CPI-U via FRED CPIAUCSL, annual average"
2010,218.0761666666667,"BLS CPI-U via FRED CPIAUCSL, annual average"
2011,224.923,"BLS CPI-U via FRED CPIAUCSL, annual average"
2012,229.58608333333333,"BLS CPI-U via FRED CPIAUCSL, annual average"
2013,232.95174999999998,"BLS CPI-U via FRED CPIAUCSL, annual average"
2014,236.715,"BLS CPI-U via FRED CPIAUCSL, annual average"
2015,237.00175000000002,"BLS CPI-U via FRED CPIAUCSL, annual average"
2016,240.00541666666666,"BLS CPI-U via FRED CPIAUCSL, annual average"
2017,245.121,"BLS CPI-U via FRED CPIAUCSL, annual average"
2018,251.0995,"BLS CPI-U via FRED CPIAUCSL, annual average"
2019,255.65258333333335,"BLS CPI-U via FRED CPIAUCSL, annual average"
2020,258.85575,"BLS CPI-U via FRED CPIAUCSL, annual average"
2021,270.97341666666665,"BLS CPI-U via FRED CPIAUCSL, annual average"
2022,292.62641666666667,"BLS CPI-U via FRED CPIAUCSL, annual average"
2023,304.70300000000003,"BLS CPI-U via FRED CPIAUCSL, annual average"
2024,313.6981666666667,"BLS CPI-U via FRED CPIAUCSL, annual average"
2025,321.9619090909091,"BLS CPI-U via FRED CPIAUCSL, annual average"
2026,330.5491666666667,"BLS CPI-U via FRED CPIAUCSL, annual average"
