state,year,naep_m8
AK,2005,278.96
AL,2005,262.21
AR,2005,271.64
AZ,2005,274.31
CA,2005,268.56
CO,2005,280.82
CT,2005,281.07
DC,2005,245.22
DE,2005,280.95
FL,2005,274.05
GA,2005,272.19
HI,2005,265.63
IA,2005,283.81
ID,2005,280.97
IL,2005,277.67
IN,2005,281.71
KS,2005,284.03
KY,2005,273.98
LA,2005,267.76
MA,2005,291.51
MD,2005,277.93
ME,2005,281.06
MI,2005,277.35
MN,2005,290.07
MO,2005,276.45
MS,2005,262.46
MT,2005,286.43
NC,2005,281.83
ND,2005,286.96
NE,2005,283.96
NH,2005,285.25
NJ,2005,283.9
NM,2005,263.28
NV,2005,269.91
NY,2005,279.72
OH,2005,283.25
OK,2005,271.36
OR,2005,282.24
PA,2005,280.71
RI,2005,272.35
SC,2005,281.23
SD,2005,287.3
TN,2005,270.52
TX,2005,281.1
UT,2005,279.16
VA,2005,284.37
VT,2005,287.36
WA,2005,285.05
WI,2005,284.54
WV,2005,269.1
WY,2005,282.1
AK,2007,282.56
AL,2007,266.0
AR,2007,273.9
AZ,2007,275.55
CA,2007,270.38
CO,2007,286.19
CT,2007,282.47
DC,2007,248.2
DE,2007,282.99
FL,2007,277.38
GA,2007,274.78
HI,2007,268.77
IA,2007,285.23
ID,2007,283.51
IL,2007,280.5
IN,2007,285.01
KS,2007,290.03
KY,2007,278.7
LA,2007,272.39
MA,2007,297.92
MD,2007,285.73
ME,2007,286.47
MI,2007,276.83
MN,2007,291.85
MO,2007,280.62
MS,2007,264.89
MT,2007,287.08
NC,2007,283.88
ND,2007,291.56
NE,2007,283.65
NH,2007,287.56
NJ,2007,288.58
NM,2007,267.54
NV,2007,270.8
NY,2007,280.14
OH,2007,284.85
OK,2007,274.53
OR,2007,283.83
PA,2007,286.17
RI,2007,275.39
SC,2007,281.5
SD,2007,288.46
TN,2007,273.98
TX,2007,285.87
UT,2007,281.09
VA,2007,287.63
VT,2007,291.01
WA,2007,284.86
WI,2007,285.62
WV,2007,270.08
WY,2007,286.99
AK,2009,283.05
AL,2009,268.52
AR,2009,276.0
AZ,2009,277.33
CA,2009,270.45
CO,2009,287.37
CT,2009,288.61
DC,2009,253.6
DE,2009,283.83
FL,2009,279.34
GA,2009,277.56
HI,2009,273.76
IA,2009,284.17
ID,2009,287.31
IL,2009,282.43
IN,2009,286.81
KS,2009,288.6
KY,2009,279.28
LA,2009,272.38
MA,2009,298.85
MD,2009,288.34
ME,2009,286.36
MI,2009,278.27
MN,2009,294.44
MO,2009,285.81
MS,2009,265.0
MT,2009,291.54
NC,2009,284.33
ND,2009,292.84
NE,2009,284.26
NH,2009,292.32
NJ,2009,292.66
NM,2009,269.7
NV,2009,274.15
NY,2009,282.58
OH,2009,285.58
OK,2009,275.71
OR,2009,285.04
PA,2009,288.3
RI,2009,277.92
SC,2009,280.38
SD,2009,290.62
TN,2009,274.76
TX,2009,286.69
UT,2009,284.07
VA,2009,286.07
VT,2009,292.87
WA,2009,288.72
WI,2009,288.14
WV,2009,270.42
WY,2009,286.1
AK,2011,283.27
AL,2011,269.1
AR,2011,279.09
AZ,2011,279.03
CA,2011,272.77
CO,2011,291.74
CT,2011,287.0
DC,2011,260.47
DE,2011,282.77
FL,2011,277.84
GA,2011,278.48
HI,2011,277.84
IA,2011,284.92
ID,2011,286.68
IL,2011,283.23
IN,2011,285.0
KS,2011,289.62
KY,2011,281.61
LA,2011,272.84
MA,2011,298.51
MD,2011,288.0
ME,2011,288.73
MI,2011,280.18
MN,2011,294.95
MO,2011,281.95
MS,2011,269.24
MT,2011,292.91
NC,2011,286.27
ND,2011,292.0
NE,2011,283.2
NH,2011,292.11
NJ,2011,294.14
NM,2011,274.45
NV,2011,278.11
NY,2011,280.45
OH,2011,288.6
OK,2011,279.18
OR,2011,282.52
PA,2011,286.1
RI,2011,282.88
SC,2011,281.0
SD,2011,290.62
TN,2011,274.04
TX,2011,290.35
UT,2011,283.31
VA,2011,289.26
VT,2011,293.88
WA,2011,288.11
WI,2011,288.67
WV,2011,273.26
WY,2011,287.77
AK,2013,281.56
AL,2013,269.19
AR,2013,277.91
AZ,2013,279.72
CA,2013,275.9
CO,2013,289.68
CT,2013,285.24
DC,2013,265.26
DE,2013,282.34
FL,2013,280.86
GA,2013,279.18
HI,2013,281.41
IA,2013,285.07
ID,2013,286.41
IL,2013,284.9
IN,2013,287.77
KS,2013,289.52
KY,2013,280.65
LA,2013,272.76
MA,2013,300.57
MD,2013,286.64
ME,2013,288.73
MI,2013,280.13
MN,2013,294.59
MO,2013,282.99
MS,2013,271.16
MT,2013,289.23
NC,2013,285.65
ND,2013,290.52
NE,2013,285.06
NH,2013,295.67
NJ,2013,296.05
NM,2013,272.76
NV,2013,278.29
NY,2013,281.81
OH,2013,289.53
OK,2013,275.51
OR,2013,283.52
PA,2013,289.62
RI,2013,284.09
SC,2013,279.82
SD,2013,287.27
TN,2013,277.72
TX,2013,288.2
UT,2013,284.33
VA,2013,288.14
VT,2013,295.47
WA,2013,289.96
WI,2013,288.75
WV,2013,274.43
WY,2013,288.12
AK,2015,280.49
AL,2015,266.56
AR,2015,275.06
AZ,2015,282.92
CA,2015,275.32
CO,2015,285.54
CT,2015,283.96
DC,2015,263.06
DE,2015,279.81
FL,2015,275.32
GA,2015,278.71
HI,2015,279.34
IA,2015,286.42
ID,2015,283.74
IL,2015,281.97
IN,2015,287.18
KS,2015,283.87
KY,2015,277.95
LA,2015,268.43
MA,2015,296.91
MD,2015,283.15
ME,2015,284.88
MI,2015,278.17
MN,2015,294.15
MO,2015,280.82
MS,2015,270.58
MT,2015,287.46
NC,2015,281.33
ND,2015,288.24
NE,2015,286.5
NH,2015,294.41
NJ,2015,293.37
NM,2015,270.9
NV,2015,275.17
NY,2015,280.09
OH,2015,285.06
OK,2015,274.59
OR,2015,282.81
PA,2015,283.67
RI,2015,281.45
SC,2015,275.83
SD,2015,284.64
TN,2015,278.2
TX,2015,283.79
UT,2015,286.12
VA,2015,287.71
VT,2015,290.36
WA,2015,286.51
WI,2015,289.08
WV,2015,271.45
WY,2015,286.67
AK,2017,277.02
AL,2017,268.31
AR,2017,273.76
AZ,2017,282.25
CA,2017,276.64
CO,2017,286.25
CT,2017,284.14
DC,2017,265.78
DE,2017,278.02
FL,2017,279.12
GA,2017,281.04
HI,2017,277.34
IA,2017,286.24
ID,2017,284.37
IL,2017,281.62
IN,2017,287.71
KS,2017,285.28
KY,2017,277.71
LA,2017,266.51
MA,2017,297.04
MD,2017,280.91
ME,2017,284.0
MI,2017,279.51
MN,2017,293.96
MO,2017,280.6
MS,2017,270.91
MT,2017,285.6
NC,2017,281.93
ND,2017,288.17
NE,2017,288.41
NH,2017,293.29
NJ,2017,291.7
NM,2017,269.37
NV,2017,275.37
NY,2017,281.69
OH,2017,287.71
OK,2017,274.69
OR,2017,282.17
PA,2017,286.39
RI,2017,277.18
SC,2017,274.67
SD,2017,286.38
TN,2017,278.78
TX,2017,282.32
UT,2017,286.82
VA,2017,290.08
VT,2017,287.62
WA,2017,289.13
WI,2017,288.14
WV,2017,273.42
WY,2017,288.76
AK,2019,274.34
AL,2019,268.7
AR,2019,274.36
AZ,2019,279.93
CA,2019,275.61
CO,2019,284.67
CT,2019,286.16
DC,2019,269.18
DE,2019,276.7
FL,2019,278.52
GA,2019,279.49
HI,2019,275.33
IA,2019,281.67
ID,2019,285.94
IL,2019,282.56
IN,2019,285.65
KS,2019,282.21
KY,2019,278.1
LA,2019,271.64
MA,2019,294.47
MD,2019,280.15
ME,2019,282.37
MI,2019,280.28
MN,2019,290.79
MO,2019,280.76
MS,2019,273.73
MT,2019,283.96
NC,2019,283.66
ND,2019,285.56
NE,2019,285.01
NH,2019,287.22
NJ,2019,291.82
NM,2019,268.77
NV,2019,273.79
NY,2019,280.41
OH,2019,285.71
OK,2019,276.47
OR,2019,279.5
PA,2019,285.02
RI,2019,275.67
SC,2019,276.35
SD,2019,287.09
TN,2019,280.08
TX,2019,279.65
UT,2019,284.93
VA,2019,287.06
VT,2019,286.6
WA,2019,285.81
WI,2019,288.66
WV,2019,272.35
WY,2019,286.31
AK,2022,269.92
AL,2022,264.36
AR,2022,266.88
AZ,2022,270.7
CA,2022,269.81
CO,2022,275.11
CT,2022,276.49
DC,2022,259.53
DE,2022,264.25
FL,2022,271.2
GA,2022,271.28
HI,2022,270.1
IA,2022,277.13
ID,2022,281.77
IL,2022,275.2
IN,2022,278.65
KS,2022,271.96
KY,2022,269.41
LA,2022,265.6
MA,2022,283.59
MD,2022,268.7
ME,2022,272.54
MI,2022,272.55
MN,2022,280.07
MO,2022,272.15
MS,2022,265.57
MT,2022,277.43
NC,2022,273.7
ND,2022,278.4
NE,2022,279.38
NH,2022,278.58
NJ,2022,280.89
NM,2022,258.98
NV,2022,269.22
NY,2022,274.27
OH,2022,276.06
OK,2022,263.9
OR,2022,270.28
PA,2022,274.27
RI,2022,270.3
SC,2022,269.02
SD,2022,281.44
TN,2022,271.98
TX,2022,272.67
UT,2022,282.21
VA,2022,279.17
VT,2022,276.46
WA,2022,276.08
WI,2022,281.14
WV,2022,260.39
WY,2022,280.93
AK,2024,263.96
AL,2024,261.77
AR,2024,266.19
AZ,2024,269.66
CA,2024,268.78
CO,2024,278.11
CT,2024,276.67
DC,2024,261.54
DE,2024,263.06
FL,2024,267.24
GA,2024,268.66
HI,2024,270.04
IA,2024,274.82
ID,2024,278.1
IL,2024,277.42
IN,2024,278.19
KS,2024,274.14
KY,2024,270.81
LA,2024,266.78
MA,2024,283.47
MD,2024,268.21
ME,2024,272.62
MI,2024,269.98
MN,2024,282.09
MO,2024,270.36
MS,2024,269.06
MT,2024,279.08
NC,2024,275.82
ND,2024,279.77
NE,2024,279.88
NH,2024,279.74
NJ,2024,281.68
NM,2024,256.21
NV,2024,265.18
NY,2024,270.85
OH,2024,278.81
OK,2024,264.45
OR,2024,267.94
PA,2024,276.25
RI,2024,269.83
SC,2024,268.01
SD,2024,281.1
TN,2024,275.98
TX,2024,269.39
UT,2024,281.79
VA,2024,274.99
VT,2024,275.62
WA,2024,273.67
WI,2024,282.65
WV,2024,260.77
WY,2024,278.32
