PERIDNUM,MARZO,leaver,OCCUP,PEIOOCC,leaver_MARCH
0000590797165201701102,1,,2310.0,2310.0,0.0
0000630903159371601101,0,0.0,,,
0001100063740831811102,0,,,,
0001104017703011501104,1,0.0,2310.0,2310.0,0.0
0001201787835881701101,1,,4640.0,2310.0,-1.0
0001202778318141711102,0,,,,
0001301533964561701101,0,,,,
0001301648615831801102,0,,,,
0001305019587411601101,0,0.0,,,
0001305248784351501103,1,,,,
0001310345160771701101,1,,2330.0,2330.0,0.0
0001400413631691711101,1,,2310.0,2310.0,0.0
0001403807786041501103,1,0.0,2310.0,2310.0,0.0
0001404343896371701101,1,,2310.0,2310.0,0.0
0001502423887071611102,0,0.0,,,
0001504243290411801101,0,,,,
0001703853494431501101,1,1.0,2170.0,2360.0,-1.0
0001801532680321601102,0,0.0,,,
0001802263176281701101,1,,2300.0,2300.0,0.0
0001900428887071701102,1,,2320.0,2320.0,0.0
0001903622669491701101,0,,,,
0005908200017101511101,1,0.0,2310.0,2310.0,0.0
0010610949164531701101,1,,2310.0,2310.0,0.0
0011100062063021701102,1,,2310.0,2310.0,0.0
0011100517302341811101,0,,,,
0011103613140001711102,0,,,,
0011201297395331601101,0,1.0,,,
0011202272917301701102,1,,2310.0,2300.0,0.0
0011222102101191801101,0,,,,
0011301283782701701101,0,,,,
0011301283782701701102,0,,,,
0011303517322701601101,0,0.0,,,
0011303517322701601102,0,0.0,,,
0011402291983721601101,0,,,,
0011500267831241701101,0,,,,
0011500802584841611101,0,0.0,,,
0011501063619261511102,1,1.0,5860.0,5860.0,-1.0
0011503487662441701102,0,,,,
0011601413467021711101,1,,2310.0,2310.0,0.0
0011601517510131701101,0,,,,
0011670919153461611102,0,0.0,2320.0,2320.0,
0011701673198461701101,0,,,,
0011701781199451601101,0,0.0,,,
0011800937132831601102,0,,2310.0,2310.0,
0011801871950931701102,1,,2310.0,2300.0,0.0
0011802793111161511101,1,0.0,2310.0,2310.0,0.0
0011803333498031611101,0,0.0,,,
0011804851878921501101,1,0.0,2310.0,2310.0,0.0
0011902762481361801102,0,,,,
0011902831798541701102,0,,,,
0011903241243231701102,1,,2310.0,2310.0,0.0
0011903312014781501101,1,0.0,2310.0,2310.0,0.0
0011904853696821701102,1,,2310.0,2310.0,0.0
0012680168125971701102,0,,,,
0014570094128261601101,0,0.0,,,
0014621009001251811101,0,,,,
0014641009201281511101,1,,,,
0020520699173981701101,1,,2310.0,2310.0,0.0
0020830906168591701101,1,,2310.0,2310.0,0.0
0021102066740831701101,0,,,,
0021202586412401811101,0,,,,
0021403926563111501102,1,0.0,2310.0,2310.0,0.0
0021701435179571601102,0,0.0,,,
0021701996939191601101,0,0.0,,,
0021804745048761701102,1,,2310.0,2310.0,0.0
0021904276241381501101,1,0.0,2310.0,2310.0,0.0
0022778708201721711101,0,,,,
0031004933993541601102,0,0.0,,,
0031016909131571701101,1,,2310.0,2310.0,0.0
0031100407391691501101,1,0.0,2310.0,2310.0,0.0
0031105703659611601101,0,0.0,,,
0031105962767171701102,0,,,,
0031301307777801501102,1,0.0,2310.0,2310.0,0.0
0031500472803541611101,0,1.0,2002.0,2002.0,
0031500841958521511101,1,0.0,2310.0,2310.0,0.0
0031500841958521711101,0,,,,
0031502297688101601101,0,,,,
0031602491577261701104,0,,,,
0031604442950141511101,1,0.0,2310.0,2310.0,0.0
0031801133911521701102,0,,,,
0031903211170781601102,0,0.0,,,
0031903972239641601102,0,,,,
0031904853426911701102,1,,2310.0,2310.0,0.0
0036292600401111701101,1,,2300.0,2300.0,0.0
0039698009401321801101,0,,,,
0040190263167681501102,1,0.0,2300.0,2300.0,0.0
0040580510181261701102,1,,2310.0,2310.0,0.0
0040900949174531501102,1,0.0,2310.0,2310.0,0.0
0041005186031521601101,0,,,,
0041505436208261501101,1,0.0,2310.0,2310.0,0.0
0041701725580461601101,0,0.0,,,
0041804445260641501102,1,,,,
0041960919123461701101,0,,2330.0,2330.0,
0046716200101111701101,0,,,,
0050090813164451601102,0,0.0,,,
0050890032101211701101,0,,,,
0050890032101211701102,0,,,,
0051002221460941611102,0,0.0,,,
0051005741507571701101,1,,2310.0,2320.0,0.0
0051201272241381701101,0,,,,
0051204801012411601102,0,0.0,,,
0051301438208261601102,0,0.0,,,
0051402551606011501101,1,1.0,2722.0,2722.0,-1.0
0051503118588441701102,0,,2310.0,2310.0,
0051504181922411711102,1,,2310.0,2310.0,0.0
0051600938528101501101,1,,,,
0051605098661151501102,1,1.0,2300.0,3603.0,1.0
0051701398034551701102,0,,2310.0,2310.0,
0051703141345841701102,1,,2310.0,2310.0,0.0
0051802431179571711102,1,,2310.0,2310.0,0.0
0051902442265261601102,0,0.0,,,
0051902851494431801101,0,,,,
0052731302201451711101,1,,2310.0,2310.0,0.0
0057899108401171701102,0,,2310.0,2310.0,
0060021104311111701101,0,,,,
0060051104301491501102,1,0.0,2310.0,2310.0,0.0
0061003773989161701102,1,,2310.0,2310.0,0.0
0061004963667461701102,1,,2310.0,2310.0,0.0
0061201589477411701101,1,,2320.0,2320.0,0.0
0061202263242151701102,0,,,,
0061301181031521701102,1,,2310.0,2310.0,0.0
0061302049364141601102,0,0.0,,,
0061302113426831501101,1,,2310.0,2310.0,0.0
0061403833164411801101,0,,,,
0061502453044321701102,1,,2310.0,2310.0,0.0
0061504768108831501101,1,0.0,2310.0,2310.0,0.0
0061505371300451501102,1,0.0,2310.0,2310.0,0.0
0061601971055791611101,0,0.0,,,
0061602731184001701102,1,,2320.0,2320.0,0.0
0061604303285481701101,0,,,,
0061701491608161701102,1,,2310.0,2310.0,0.0
0061704041364141801103,0,,,,
0061704829984081501102,1,0.0,2330.0,2330.0,0.0
0061804408481531701102,0,,,,
0066514210100111701103,0,,,,
0067423103301941501103,1,0.0,2310.0,2310.0,0.0
0067453103021541701101,1,,2310.0,2310.0,0.0
0067453103021541701102,1,,2310.0,2310.0,0.0
0067473103041241501102,1,0.0,2310.0,2310.0,0.0
0067854507311061501104,1,0.0,440.0,2360.0,-1.0
0069193704501251501101,1,0.0,2310.0,2310.0,0.0
0070709903401481501101,1,,,,
0071102904816901701101,0,,,,
0071105360006221701102,0,,2310.0,2310.0,
0071202664023251601102,0,0.0,,,
0071405774256671711101,1,,2300.0,2300.0,0.0
0071603824993521801101,0,,,,
0071603824993521801102,0,,,,
0071802105190091701101,0,,,,
0077291602421991601101,0,,,,
0080201037704201801103,0,,,,
0080811012945101601103,0,,,,
0081003708569671611102,0,,,,
0081003807786041611102,0,1.0,,,
0081100332498031511101,1,0.0,2310.0,2320.0,0.0
0081103558606011601101,0,,,,
0081403343527111701101,1,,2320.0,2320.0,0.0
0081502427553581701102,1,,2320.0,2320.0,0.0
0081602803915391701101,0,,,,
0081660605111561701101,0,,,,
0081804467484381601102,0,,,,
0091100226484831701101,0,,,,
0091204964352241601101,0,0.0,,,
0091403724596911701101,0,,2320.0,2320.0,
0091403724596911701102,0,,2320.0,2320.0,
0091502576947231501102,1,0.0,2310.0,2310.0,0.0
0091502584213761611101,0,0.0,,,
0091702006117411601101,0,0.0,,,
0091802230498051701102,1,,2310.0,2310.0,0.0
0092221905201721711103,0,,,,
0096950801401671501101,1,,110.0,110.0,-1.0
0100960319166461601102,0,,,,
0101010024193531601102,0,0.0,,,
0103091700501231501102,1,0.0,2310.0,2310.0,0.0
0106000319146461701101,0,,,,
0109510902311081811107,0,,,,
0109560902401521601102,0,1.0,2545.0,2545.0,
0109570902401201701102,0,,,,
0110004063476431701102,1,,2320.0,2320.0,0.0
0110330616137701601101,0,,,,
0110330616137701601102,0,,,,
0110620024103531711102,1,,2320.0,2320.0,0.0
0112005109673351701101,0,,,,
0113008793827131701101,0,,,,
0120310940180161711102,1,,2310.0,2310.0,0.0
0120330484175011601101,0,0.0,2310.0,2310.0,
0120330782125791711102,1,,2320.0,2320.0,0.0
0120434209201621601101,0,,,,
0120520319106461711102,0,,,,
0120610648122771711101,1,,2330.0,2330.0,0.0
0123001141154301701102,1,,2320.0,2320.0,0.0
0125091127387001801102,0,,,,
0127050124956001711102,1,,2310.0,2310.0,0.0
0130580940110161701101,0,,,,
0130870057196921701102,1,,2300.0,2300.0,0.0
0131130299125681611102,0,0.0,,,
0131200168165351601101,0,,,,
0131200168165351601102,0,,,,
0133610672154401711101,0,,,,
0136770299125681601101,0,,,,
0137174502141201701102,0,,,,
0138849508301191601101,0,0.0,,,
0140890011156021601101,0,0.0,,,
0141031103031561701101,0,,2330.0,2330.0,
0141031103031561701102,0,,2330.0,2330.0,
0142030398182671701104,0,,2300.0,2300.0,
0144011143775701501101,1,,,,
0144595702401321501102,1,0.0,2310.0,2310.0,0.0
0146770169184821701102,1,,0.0,2310.0,-1.0
0147035302001691701102,1,,2320.0,2320.0,0.0
0147075302111361501102,1,,,,
0147085302011091601101,0,0.0,,,
0147085302011091601102,0,0.0,,,
0150110558114761601102,0,,,,
0150670871145041611102,0,1.0,,,
0151310168115351501103,1,,,,
0151530168115351601101,0,,,,
0151960168115351701102,0,,,,
0153913108501561501102,1,1.0,0.0,-1.0,-1.0
0153993108001281701101,1,,2310.0,2310.0,0.0
0154197406101171501101,1,0.0,2310.0,2310.0,0.0
0154197406101171501102,1,0.0,2330.0,2330.0,0.0
0155847903001161701102,1,,2310.0,2310.0,0.0
0159144109101131601103,0,,,,
0160093100001291701102,1,,2310.0,2310.0,0.0
0167216920100101601101,0,,,,
0180275106301291701102,0,,,,
0180275106311151701101,0,,2310.0,2310.0,
0180601092715101701105,0,,0.0,2310.0,
0181474702501751701102,0,,,,
0182490001301361701102,1,,2330.0,2330.0,0.0
0186077509341251801102,0,,,,
0186087509151911611102,0,,,,
0200180932166461801102,0,,,,
0200682257164631501102,1,,2310.0,2310.0,0.0
0202310343169591601102,0,0.0,,,
0203006006001641701102,1,,2300.0,2300.0,0.0
0210180288171961701101,0,,,,
0210750631165911501102,1,0.0,2310.0,2310.0,0.0
0211538003301401711102,1,,2310.0,2310.0,0.0
0213001056679041501101,1,0.0,2310.0,-1.0,1.0
0214420910658971701101,0,,,,
0216048409011161701102,1,,2310.0,2310.0,0.0
0219006145508051501102,1,0.0,2310.0,2310.0,0.0
0220590867158611701102,1,,2310.0,2310.0,0.0
0220680755193851801102,0,,,,
0223739908431091601101,0,0.0,,,
0226854109401571711101,0,,,,
0228724201411291501101,1,0.0,2310.0,2310.0,0.0
0229146500401871701103,0,,,,
0230680932140451601101,0,,,,
0231206005201401611102,0,,,,
0231510385104251611102,0,1.0,,,
0231810961195791501101,1,0.0,2310.0,2310.0,0.0
0232320725155451611101,0,0.0,2310.0,2310.0,
0237050132193801601102,0,0.0,,,
0240120385154251711101,0,,,,
0240380719199171501102,1,0.0,2310.0,2310.0,0.0
0240670294164411501102,1,0.0,2320.0,2320.0,0.0
0240750125100431811101,0,,,,
0240820779129721501101,1,0.0,2310.0,2310.0,0.0
0240940414181171501102,1,0.0,2300.0,2300.0,0.0
0240940590108641511102,1,0.0,2300.0,2300.0,0.0
0240960650195121501102,1,0.0,2310.0,2310.0,0.0
0241090108913301501102,1,0.0,2310.0,2310.0,0.0
0241320310123911601101,0,0.0,2310.0,2320.0,
0241400738105861701101,0,,,,
0243672609201391801101,0,,,,
0243672609201391801102,0,,,,
0244315004101651511102,1,0.0,2310.0,2310.0,0.0
0249627650800121501102,1,0.0,2310.0,2310.0,0.0
0249995705201851501101,1,0.0,2330.0,2330.0,0.0
0253392801501111701101,0,,2310.0,2310.0,
0256976203011821601102,0,,,,
0256992408211861701102,0,,,,
0257090114902701601101,0,0.0,,,
0257090114902701601102,0,0.0,,,
0257274500201381601102,0,0.0,,,
0259044602401101701101,1,,2320.0,2320.0,0.0
0259044602401101701102,1,,2310.0,2310.0,0.0
0270029008201271701102,1,,2310.0,2310.0,0.0
0271600084017281601101,0,0.0,,,
0271600084017281601102,0,0.0,,,
0272064701511501611101,0,0.0,,,
0276278906001211711101,1,,2310.0,2310.0,0.0
0280311087704271701102,0,,,,
0286835609501601611101,0,0.0,,,
0286875609401891701102,0,,,,
0288973040000191701102,0,,,,
0299921604301111501102,1,0.0,2310.0,2310.0,0.0
0300070627167351701102,1,,2300.0,2300.0,0.0
0304101430510611601102,0,0.0,,,
0305425706101761711101,0,,,,
0305475706101361711101,1,,2310.0,2310.0,0.0
0306701605121701701102,0,,,,
0307880111024921701101,1,,2310.0,2310.0,0.0
0309270212026711501102,1,0.0,2310.0,2310.0,0.0
0310450831121591801102,0,,,,
0310580053123341601102,0,,,,
0310620080175131501102,1,0.0,2310.0,2310.0,0.0
0310670646179551701101,0,,,,
0311530535124341601102,0,0.0,,,
0314129309501711501102,1,0.0,2310.0,2310.0,0.0
0315139504301431711102,0,,,,
0315169504201091701102,0,,2310.0,2310.0,
0315490744177321601101,0,1.0,,,
0315725403201751701101,1,,2310.0,2310.0,0.0
0315725403201751701102,1,,2320.0,2320.0,0.0
0316841402001291501101,1,0.0,2300.0,2300.0,0.0
0319004045638271611101,0,,2310.0,2300.0,
0320330698164111501102,1,0.0,2310.0,2310.0,0.0
0320440280185911701102,0,,,,
0320620797181451501101,1,0.0,2310.0,2310.0,0.0
0320760627127831511101,1,,,,
0320810262109351701101,1,,2330.0,2330.0,0.0
0321820196133371601101,0,0.0,,,
0328609900201491701102,1,,2330.0,2330.0,0.0
0330370037154011701101,1,,2310.0,2310.0,0.0
0330450260133531701103,1,,2310.0,2310.0,0.0
0330760370101641501101,1,,3421.0,3421.0,-1.0
0331030196123371701102,1,,2310.0,2310.0,0.0
0331030196123371701103,1,,2310.0,2310.0,0.0
0331400641191841601101,0,0.0,,,
0332400535154341701102,0,,,,
0334050179335401811101,0,,,,
0336026509311131501102,1,0.0,4600.0,4600.0,-1.0
0336026509311131501103,1,0.0,2300.0,2300.0,0.0
0338093409001311501101,1,,,,
0340440627117831701101,1,,2310.0,2310.0,0.0
0341020708189311501101,1,0.0,2310.0,2310.0,0.0
0342070184334701611102,0,,,,
0343240053144271701101,0,,,,
0349021080185131701101,0,,,,
0349745807201101701101,1,,2310.0,2310.0,0.0
0351130370161641711102,0,,,,
0352310173130441501102,1,0.0,2310.0,2310.0,0.0
0357186204501461701101,1,,2310.0,2310.0,0.0
0359040168166501601102,0,0.0,,,
0362080184741101601102,0,0.0,,,
0364726020800171601102,0,0.0,,,
0364728000800171501102,1,0.0,2310.0,2310.0,0.0
0370164808231661701101,0,,,,
0376253120301171701101,0,,,,
0380091177325401601101,0,0.0,,,
0382426400201261701101,1,,2300.0,2300.0,0.0
0382486400311511701101,0,,,,
0385834604151771601104,0,,,,
0387091141244701701103,0,,,,
0392893103201841501101,1,,2330.0,2330.0,0.0
0395530105201501701101,1,,2310.0,2310.0,0.0
0399336702401071711101,1,,2310.0,2310.0,0.0
0400120604152461711104,1,,2300.0,2310.0,0.0
0400401031653841701101,1,,2300.0,2300.0,0.0
0400470114001961611102,0,0.0,,,
0401020504169411601101,0,1.0,,,
0401804230513511701101,0,,,,
0402241530214001711101,1,,2310.0,2310.0,0.0
0402510630911901601101,0,0.0,,,
0402750730166871701101,0,,,,
0403190413116481601102,0,0.0,,,
0403606201101481801101,0,,,,
0403646800311811701101,0,,,,
0404154306501441501102,1,0.0,2310.0,2310.0,0.0
0404194306201271701102,0,,,,
0408191146161481601101,0,1.0,,,
0409725220217601601101,0,1.0,,,
0410070570167541711102,0,,,,
0411250508132091601108,0,,,,
0411310122167701601102,0,0.0,,,
0412943108201221701101,1,,2310.0,2310.0,0.0
0413900570117541701101,1,,2310.0,2310.0,0.0
0414758050000181601101,0,0.0,,,
0420090648100031501101,1,,2310.0,2310.0,0.0
0420400485177361701102,1,,2300.0,2300.0,0.0
0423695601201751501101,1,1.0,2555.0,2555.0,-1.0
0424090146006301601102,0,0.0,,,
0430620952199951701102,0,,,,
0430670570177541701101,0,,,,
0430900485197361701101,1,,2310.0,2310.0,0.0
0431190182192271701101,0,,2310.0,2310.0,
0432337909201411501101,1,0.0,2310.0,2310.0,0.0
0440380640154641711102,0,,2310.0,2310.0,
0444010991181511501101,1,,,,
0445743908401981701102,1,,2310.0,2310.0,0.0
0448000166416901711102,0,,,,
0448958106411081801102,0,,,,
0449142402001261701101,1,,2310.0,2310.0,0.0
0449182402201021701101,1,,2310.0,2310.0,0.0
0452341300301191701101,1,,2320.0,2320.0,0.0
0453010139089901701101,1,,2320.0,2320.0,0.0
0456853000101621701102,1,,2300.0,2300.0,0.0
0464598107101131701101,1,,2320.0,2320.0,0.0
0464598107101131701102,1,,2330.0,2330.0,0.0
0466360603201591601102,0,0.0,,,
0486070708211141701102,0,,,,
0486268340001141601101,0,,,,
0497195105211261501102,1,,,,
0499060184414101601101,0,0.0,,,
0500011019852291701101,1,,2310.0,2310.0,0.0
0500670948169591701102,1,,2320.0,2320.0,0.0
0502250952161331701104,0,,,,
0502460704169711801101,0,,,,
0505102205501431501101,1,0.0,2310.0,2310.0,0.0
0506614230513221701101,0,,2310.0,2310.0,
0509560613141441701102,1,,2310.0,2310.0,0.0
0511030271103401601103,0,0.0,,,
0511250442150431601101,0,0.0,,,
0511467408421491601101,0,,,,
0515423006411781601101,0,0.0,,,
0519002163622501701102,0,,2320.0,2320.0,
0520630116189321511101,1,,,,
0521120605155551701101,0,,,,
0524354708501431701102,1,,2310.0,2310.0,0.0
0528023409411181701102,1,,2310.0,2330.0,0.0
0528093409311901711101,0,,,,
0530530467172041701101,1,,2310.0,2310.0,0.0
0530870653177041701101,0,,,,
0530960357137991501102,1,0.0,2310.0,2310.0,0.0
0530960695143571601101,0,0.0,,,
0532820271153401701101,1,,2320.0,2320.0,0.0
0532820271153401701102,1,,2320.0,2320.0,0.0
0533320396186881701101,0,,,,
0533483405201441701102,1,,2300.0,2300.0,0.0
0533493405301701811102,0,,,,
0534097407411381701102,1,,2310.0,2310.0,0.0
0534570357157991801101,0,,,,
0534574404501251601101,0,1.0,,,
0534620653157041501101,1,0.0,2310.0,2310.0,0.0
0535050187248501701101,1,,2310.0,2310.0,0.0
0538694704001751701101,0,,2310.0,2310.0,
0540180134146261601101,0,0.0,,,
0540390785169181801102,0,,,,
0540530605165551701101,0,,,,
0540830504114641701102,1,,2300.0,2300.0,0.0
0546290964184341701103,1,,2310.0,2310.0,0.0
0550091184714501601102,0,0.0,,,
0551670116119321701102,0,,,,
0552721130500151701102,0,,,,
0554060160503701711101,0,,,,
0559030151597701501101,1,0.0,2310.0,2310.0,0.0
0560401031153841601101,0,,,,
0573979606301281701101,1,,2300.0,2300.0,0.0
0577010160569601511102,1,,,,
0584236001211501701101,0,,2300.0,2300.0,
0586877601331161601101,0,,,,
0587336410400161601101,0,0.0,2310.0,2310.0,
0588635109101501511101,1,0.0,2330.0,2330.0,0.0
0595929907311291501101,1,0.0,2310.0,2310.0,0.0
0600380616182551701102,0,,,,
0600427605101161511101,1,,,,
0600960637192961701102,1,,3602.0,2300.0,-1.0
0602319750218161811101,0,,,,
0603442110402141501103,1,0.0,2300.0,2300.0,0.0
0604434670817601501102,1,0.0,2310.0,2310.0,0.0
0604950617143401601101,0,1.0,,,
0610008050419321701101,0,,2310.0,2310.0,
0610620523175801701103,0,,,,
0610820293137931601101,0,0.0,,,
0610890629127571501101,1,0.0,2310.0,2310.0,0.0
0610890629127571501102,1,0.0,2310.0,2310.0,0.0
0612260697106501501102,1,0.0,2330.0,2330.0,0.0
0614814900301631701101,0,,,,
0620330629157571701102,1,,2310.0,2310.0,0.0
0620380473132511801102,0,,,,
0624424702001351611101,0,,,,
0624434702001451501102,1,0.0,2310.0,2310.0,0.0
0626444206401171701102,1,,2310.0,2310.0,0.0
0630090697146501601101,0,,,,
0630338600401411811101,0,,,,
0630610963195301601102,0,0.0,,,
0630620783199811601101,0,1.0,4510.0,4600.0,
0630750637132961701101,1,,2310.0,2320.0,0.0
0630950235110621701101,1,,2320.0,2320.0,0.0
0631225901021761501101,1,0.0,2310.0,2310.0,0.0
0631740023114841801101,0,,,,
0632250884161091501102,1,0.0,2310.0,2310.0,0.0
0637225600201171601102,0,0.0,,,
0639753301331421701102,0,,,,
0640020119153441701101,1,,2310.0,2310.0,0.0
0641530145120821801102,0,,,,
0643699004401181601101,0,,,,
0643699004401181601103,0,1.0,,,
0650240637142961601102,0,0.0,,,
0653728201521241711101,1,,2310.0,2310.0,0.0
0657499402401351501104,1,0.0,2310.0,2310.0,0.0
0658343000001111501101,1,1.0,9600.0,9600.0,-1.0
0659648602011261801102,0,,,,
0659668602401581701102,1,,2310.0,2310.0,0.0
0660721054170301801101,0,,,,
0665911504051341501101,1,0.0,2310.0,2310.0,0.0
0665911504051341501102,1,0.0,2320.0,2320.0,0.0
0669571508001761601101,0,0.0,,,
0671316408311461601101,0,0.0,,,
0676492110500111601101,0,0.0,,,
0678348420100111801102,0,,,,
0678348420100111801104,0,,,,
0679177908411191601101,0,,,,
0689815603221551701103,0,,,,
0694448201211211501101,1,0.0,2310.0,2310.0,0.0
0696226205201151711102,0,,,,
0700530287167741501102,1,,,,
0700530287167741501103,1,,,,
0700530305155331711101,0,,2310.0,2310.0,
0700610145117741511102,1,1.0,2360.0,2360.0,-1.0
0701710990714301701101,1,,2310.0,2310.0,0.0
0701890414001731701101,1,,2310.0,2310.0,0.0
0702699403021861701101,0,,,,
0703211610111301601102,0,0.0,2310.0,2310.0,
0703211610111301801101,0,,,,
0703745970519501601102,0,0.0,,,
0704390169143221501102,1,,,,
0706593302141321601101,0,0.0,,,
0706593302141321601102,0,0.0,,,
0707040340811801501101,1,,,,
0710810170189231701105,1,,2300.0,2300.0,0.0
0710820924139331601102,0,0.0,2310.0,2310.0,
0711760961155801711101,0,,,,
0713940577151521601102,0,0.0,,,
0714005022612471501102,1,,,,
0714670577151521701101,0,,,,
0720260299128001811101,0,,,,
0720530720129901511102,1,0.0,0.0,2310.0,-1.0
0728551304321661601102,0,,,,
0729008108401601711101,0,,2310.0,2310.0,
0730440169143221701102,1,,2310.0,2310.0,0.0
0730450590148861501101,1,0.0,2310.0,2310.0,0.0
0730750019173931701101,1,,2310.0,2310.0,0.0
0730940622137121601101,0,,,,
0732170634160581801101,0,,,,
0736314809201551601101,0,0.0,,,
0740030041159931611102,0,,,,
0740250005103341611102,0,1.0,,,
0740450862182241701101,1,,2310.0,2310.0,0.0
0740450862182241701102,1,,2310.0,2310.0,0.0
0740520230102881511102,1,0.0,2310.0,2310.0,0.0
0740630112167541701101,1,,2310.0,2310.0,0.0
0741086306201051711101,1,,2310.0,2310.0,0.0
0741820019163931801102,0,,,,
0744067603301561701102,1,,2310.0,2310.0,0.0
0747124409001211701101,1,,2310.0,2310.0,0.0
0747144409321361501104,1,0.0,2310.0,2310.0,0.0
0747164409401051711102,0,,,,
0750250503139891601101,0,0.0,20.0,2320.0,
0750250568165341711102,0,,,,
0750630849154731701102,0,,,,
0750830720149901501101,1,0.0,8140.0,8140.0,-1.0
0750830720149901501102,1,0.0,2014.0,2006.0,-1.0
0750950099119471501101,1,0.0,2300.0,2300.0,0.0
0751010622167121701102,0,,,,
0751120315117881501101,1,,,,
0751580286161831501101,1,0.0,2320.0,2320.0,0.0
0751590954105101501102,1,0.0,2310.0,2310.0,0.0
0757227105121701501101,1,1.0,230.0,230.0,-1.0
0757237105301441701102,1,,2310.0,2310.0,0.0
0757267105001591701101,1,,2310.0,2310.0,0.0
0757297105141151501101,1,0.0,2310.0,2310.0,0.0
0759026606331121701102,1,,2310.0,2310.0,0.0
0759056606331421701101,1,,2320.0,2320.0,0.0
0760101038042001701101,0,,,,
0763964205211001801102,0,,,,
0766122808311181701102,1,,2330.0,2330.0,0.0
0776667205011011701102,1,,2320.0,2320.0,0.0
0776997802201111701102,1,,2310.0,2310.0,0.0
0777514500001561701101,1,,2310.0,2310.0,0.0
0779653101301541501101,1,,,,
0779670506301701511101,1,1.0,2360.0,2360.0,-1.0
0784079640202141701101,1,,2310.0,2310.0,0.0
0786917103401601711102,0,,,,
0789048605401881501101,1,0.0,2310.0,2310.0,0.0
0800330358188781701101,1,,2310.0,2310.0,0.0
0800590266164581601104,0,0.0,,,
0800610298265231701101,1,,2300.0,2300.0,0.0
0800760358188781801101,0,,,,
0800870069117591711102,0,,,,
0800948200017811701102,0,,2310.0,2310.0,
0805656800311501701101,0,,,,
0805860611024711711101,1,,2310.0,2310.0,0.0
0809798530200151501101,1,,,,
0810101096431191701102,1,,2310.0,2310.0,0.0
0810180229170231701102,0,,2310.0,2310.0,
0810570069127591501101,1,,,,
0810830682138741501102,1,0.0,2310.0,2310.0,0.0
0812260404125851701102,0,,,,
0816480358178781601101,0,0.0,2320.0,2320.0,
0819250800700151701101,1,,2310.0,2310.0,0.0
0819353107401561601102,0,0.0,2310.0,2330.0,
0820180662169721501101,1,0.0,2310.0,2310.0,0.0
0820180662169721501102,1,0.0,2300.0,2300.0,0.0
0820231023213011701102,0,,,,
0820310511122741601102,0,0.0,,,
0820520267100471601101,0,0.0,,,
0820630178170021501102,1,1.0,2060.0,2060.0,-1.0
0820631106334181501101,1,0.0,2310.0,2310.0,0.0
0820781107321561701102,0,,,,
0820820739172121601102,0,0.0,,,
0821110221109141801102,0,,,,
0829348502201161501102,1,0.0,2310.0,2310.0,0.0
0829358502501561711101,0,,,,
0831510442118561801101,0,,,,
0837284701101081701101,0,,,,
0841830691177261501101,1,0.0,2310.0,2310.0,0.0
0843572505501801701101,1,,2320.0,2320.0,0.0
0852070143169921701101,0,,,,
0866524401001391601101,0,0.0,,,
0871902402501431701101,1,,2310.0,2310.0,0.0
0876599504411821701102,0,,,,
0889268109201461601102,0,0.0,,,
0890418505001681601102,0,0.0,,,
0900010832159271611101,0,0.0,,,
0900620636151541611101,0,0.0,,,
0900950158156801501101,1,0.0,2310.0,2310.0,0.0
0904760453145111501101,1,0.0,2300.0,2300.0,0.0
0905640453145111601101,0,0.0,,,
0906640713190721701102,0,,,,
0907447120718811501102,1,,2310.0,2310.0,0.0
0909047802101931601101,0,0.0,,,
0910040109021161501101,1,0.0,2310.0,2310.0,0.0
0910610246164871711101,0,,2310.0,2310.0,
0910630633173261701101,1,,2300.0,2300.0,0.0
0910750001184541701102,0,,,,
0913258207001411701101,0,,2310.0,2310.0,
0915757807501551601101,0,,,,
0916398203301191701101,1,,2320.0,2320.0,0.0
0918008048626071701102,1,,2310.0,2310.0,0.0
0920020776185421711102,0,,,,
0920030043116351701101,0,,,,
0930090852109051711101,0,,,,
0930530257172871701101,0,,,,
0930545107511361611101,0,,,,
0931310158166801701101,0,,,,
0939185830101101801101,0,,,,
0940520985180971701101,0,,,,
0940530366168791711101,0,,,,
0940530366168791711102,0,,,,
0940610852129051701101,1,,2310.0,2310.0,0.0
0940820490110581711101,0,,,,
0940820490110581711102,0,,,,
0940830029181361601102,0,1.0,,,
0940950635186791501102,1,1.0,440.0,2555.0,-1.0
0948273307301271701102,1,,2310.0,2310.0,0.0
0950090526140571711101,0,,,,
0950370501165591501101,1,0.0,2310.0,2310.0,0.0
0950520009161781701101,1,,2310.0,2310.0,0.0
0953086703101031501101,1,0.0,2330.0,2330.0,0.0
0958828209201361601102,0,0.0,2310.0,2310.0,
0960501094334941501102,1,0.0,2310.0,2310.0,0.0
0969492606301191701102,0,,2300.0,2300.0,
0980186202201021711101,1,,2310.0,2310.0,0.0
0985865702401401501102,1,0.0,2310.0,2310.0,0.0
0986551100011021701102,1,,2300.0,2300.0,0.0
0986551100011021701106,1,,2310.0,2300.0,0.0
1000009900011611701101,1,,2310.0,2310.0,0.0
1000066005413041611102,0,0.0,,,
1001010715063021601101,0,0.0,,,
1001210711746741711101,0,,,,
1003303040716451601102,0,0.0,,,
1003500614057581711101,0,,,,
1003523009522121701102,1,,2330.0,2330.0,0.0
1003611005892531601102,0,0.0,,,
1004151008246041701101,1,,2310.0,2310.0,0.0
1004400540913601501101,1,0.0,2310.0,2310.0,0.0
1005106800210101611101,0,,,,
1005611001822521601102,0,1.0,,,
1005644000219221611101,0,,,,
1006314008638421601101,0,0.0,,,
1006865003774211601102,0,0.0,,,
1009870511061081701102,0,,2320.0,2320.0,
1011005847721411601101,0,,,,
1011265009980221601101,0,,,,
1011603219170781501102,1,0.0,2310.0,2310.0,0.0
1011605359170591711101,0,,,,
1012789008341341701101,0,,,,
1012919006068851701101,0,,,,
1014090132916101601102,0,,,,
1017005083629091701101,1,,2320.0,2320.0,0.0
1020511042931031701102,1,,2310.0,2310.0,0.0
1020515003539951601101,0,0.0,2300.0,2300.0,
1021303964256261701101,0,,2310.0,2310.0,
1021603310516581601101,0,0.0,,,
1031204793546581601103,0,,,,
1031502858639861501101,1,0.0,2310.0,2310.0,0.0
1031600207974581601102,0,0.0,,,
1031603613955301501101,1,1.0,2435.0,2435.0,-1.0
1031603891615081701101,0,,,,
1031804442048921701101,0,,,,
1041804695585591601101,0,,,,
1048798530800191501102,1,0.0,2320.0,2320.0,0.0
1050601097873571611101,0,,,,
1051201303990731601102,0,,,,
1051201333453451601101,0,0.0,,,
1051201333453451601102,0,0.0,,,
1051204863014251601101,0,0.0,,,
1051204863014251601102,0,0.0,,,
1051303262242151501101,1,,,,
1051400652617791601101,0,,0.0,-1.0,
1051502419853891601102,0,0.0,,,
1051600667208271601102,0,0.0,,,
1051600853677701501102,1,0.0,2310.0,2310.0,0.0
1051803591554981701101,0,,,,
1061080151267801601102,0,,,,
1061501268907961511101,1,1.0,2320.0,230.0,1.0
1061501268907961511102,1,0.0,2310.0,2310.0,0.0
1061504851160211601102,0,,,,
1062020192110301701101,0,,,,
1071404804012411701101,1,,2310.0,2310.0,0.0
1071603666399891701101,1,,2360.0,2300.0,-1.0
1081003227402911601102,0,1.0,,,
1081103773318141601101,0,1.0,,,
1081600073650461701102,1,,2310.0,2310.0,0.0
1082020199504201711102,0,,,,
1082091016768901601101,0,0.0,,,
1085331340019181701102,0,,,,
1091005174595041511102,1,1.0,2545.0,2545.0,-1.0
1091103440567851701101,0,,,,
1091600384600361701101,0,,2320.0,2310.0,
1100178006491201701102,1,,2310.0,2310.0,0.0
1100506000826041701101,1,,2310.0,2310.0,0.0
1101806005785001601101,0,,,,
1101909000380631611101,0,,,,
1101974009811021601101,0,0.0,,,
1103329016408201701101,1,,2310.0,2310.0,0.0
1103675002380401701102,1,,2310.0,2310.0,0.0
1104190710052831701102,1,,2300.0,2300.0,0.0
1104357830911411701101,0,,,,
1104770713149841501101,1,0.0,2320.0,2320.0,0.0
1104908240612611501103,1,,,,
1105193004434631501101,1,0.0,2330.0,2330.0,0.0
1105217005834421711102,1,,2310.0,2310.0,0.0
1105549001519301611101,0,0.0,,,
1106519560818531501102,1,,2310.0,2310.0,0.0
1106993004426051701101,1,,2310.0,2310.0,0.0
1107368001142441601102,0,0.0,,,
1107578000259431601102,0,0.0,,,
1108169001312531511101,1,,,,
1109020011505471501101,1,0.0,2310.0,2310.0,0.0
1109882002046741501101,1,0.0,2320.0,2320.0,0.0
1111638007784931501102,1,0.0,2310.0,2310.0,0.0
1114169006352531701101,0,,,,
1114569306491581701101,0,,,,
1115127006574731501101,1,0.0,2310.0,2310.0,0.0
1118093006923741801102,0,,,,
1119736005659731701101,0,,,,
1120701055990871711101,1,,2310.0,2310.0,0.0
1125073137245501711102,1,,2310.0,2310.0,0.0
1130461027601641601102,0,0.0,2310.0,2310.0,
1144015196775701601101,0,,,,
1154063146503701701101,1,,2310.0,2310.0,0.0
1154063146503701701102,1,,2310.0,2310.0,0.0
1154067135503701701102,0,,,,
1164909007310611501102,1,0.0,2310.0,2310.0,0.0
1175559510600171601101,0,0.0,,,
1183180940900171701101,1,,2310.0,2310.0,0.0
1200851008421511801102,0,,,,
1201130115260801601102,0,0.0,,,
1201347830911101711102,1,,2310.0,2310.0,0.0
1201539560818701701102,0,,,,
1202060614160131701101,0,,,,
1202910815026071501101,1,0.0,2310.0,2310.0,0.0
1203970814037541601102,0,,,,
1204525007808441711102,0,,,,
1204920710228351601101,0,1.0,2205.0,2205.0,
1207743002600321701101,1,,2310.0,2310.0,0.0
1208353003499351701102,1,,2310.0,2310.0,0.0
1208353004429351701102,1,,2310.0,2310.0,0.0
1208422480016001501101,1,,2310.0,2310.0,0.0
1208652001914831701101,1,,2310.0,2310.0,0.0
1209035006701541711101,1,,2310.0,2310.0,0.0
1209456008502121601101,0,0.0,,,
1209462001953301611102,0,0.0,,,
1209520006762741601102,0,0.0,,,
1211614008285941601102,0,,,,
1213008259508461801101,0,,,,
1213043002533141601101,0,0.0,,,
1213316220001161501102,1,,2310.0,2310.0,0.0
1215841006199331701102,0,,,,
1216014006289231701102,0,,,,
1218000265656051601101,0,,2310.0,2310.0,
1218004030455281611101,0,0.0,,,
1220701084772621601102,0,,,,
1228043004573121701101,0,,,,
1234743008640341501102,1,0.0,2310.0,2310.0,0.0
1261600443114861601102,0,0.0,,,
1263020148350301501101,1,0.0,2310.0,2310.0,0.0
1274231130701111801101,0,,,,
1280561042133031501102,1,,,,
1285543016972601601102,0,0.0,,,
1300248007489611701105,0,,2310.0,2310.0,
1300711002614011701102,1,,2300.0,2300.0,0.0
1301162005577841501101,1,,2310.0,2310.0,0.0
1302942001643151701102,0,,2310.0,2310.0,
1303307009985111601101,0,1.0,,,
1303572000689421601102,0,,,,
1304942001643131701102,1,,2310.0,2310.0,0.0
1304942001643131701103,1,,2310.0,2310.0,0.0
1305048008425721811101,0,,,,
1305920009475221501102,1,1.0,2545.0,2545.0,-1.0
1306380911072691701102,1,,2310.0,2310.0,0.0
1306572000629421611101,0,1.0,,,
1306811003599321501102,1,0.0,2310.0,2310.0,0.0
1307623006550531701101,1,,2310.0,2310.0,0.0
1308860920052621701101,1,,2300.0,2300.0,0.0
1309560213036611601103,0,0.0,,,
1309585007445231601101,0,,,,
1311000045476521511101,1,,,,
1316007333097111701101,1,,2310.0,2310.0,0.0
1317009007654521701103,1,,2300.0,2300.0,0.0
1318250001612631601104,0,0.0,,,
1318661000534931501102,1,0.0,2310.0,2310.0,0.0
1318706006877401601101,0,1.0,,,
1318711003624051701102,0,,,,
1319070122763601601101,0,,,,
1322020132069301811101,0,,,,
1330366510900151601104,0,0.0,,,
1339080127341901601101,0,1.0,,,
1372056008812441701102,1,,2310.0,2310.0,0.0
1392060174075601601101,0,0.0,,,
1400614001610951701102,1,,2330.0,2330.0,0.0
1400860511128031601101,0,0.0,,,
1401449280612711801102,0,,,,
1402180006347101701101,1,,2330.0,2330.0,0.0
1402407520811611601102,0,0.0,,,
1403001101836601501102,1,,2300.0,2300.0,0.0
1403139000932851711101,1,,2320.0,2320.0,0.0
1403139001932831601102,0,,,,
1403180006377131501101,1,,2310.0,2310.0,0.0
1403391008524511701102,1,,2300.0,2300.0,0.0
1403536120018601701101,1,,2330.0,2330.0,0.0
1405110112055861501101,1,0.0,2300.0,2300.0,0.0
1405839009733801501102,1,0.0,2300.0,2300.0,0.0
1406664001724441811101,0,,,,
1406780414036881701101,0,,,,
1406920112031841711102,1,,2300.0,2300.0,0.0
1406994006513011611102,0,,,,
1407139000962851511101,1,,,,
1407161003468411701102,1,,2300.0,2300.0,0.0
1407540112072081501102,1,0.0,2320.0,2320.0,0.0
1408253005924951701101,0,,2310.0,2310.0,
1409637820612901701102,0,,,,
1413464006937121701101,1,,2310.0,2310.0,0.0
1416994002583011501101,1,,,,
1417040155214101601101,0,0.0,,,
1424994002553011701102,0,,,,
1436465409431381601101,0,,,,
1445030140604701611101,0,1.0,,,
1445196100302151701105,1,,2310.0,2310.0,0.0
1452554820800161601101,0,0.0,2320.0,2320.0,
1452554820800161601102,0,1.0,2320.0,-1.0,
1465697150300151701102,1,,2310.0,2310.0,0.0
1500508002787611701102,0,,,,
1501050315039361701102,0,,,,
1501539008119341701102,1,,2310.0,2310.0,0.0
1502122009452431701102,0,,,,
1502297006848551711101,1,,2310.0,2310.0,0.0
1503110010046381601102,0,0.0,,,
1503199003823031611101,0,,,,
1503465004699131601102,0,0.0,,,
1504446740810501611102,0,0.0,,,
1504952008462341501101,1,1.0,2310.0,-1.0,1.0
1505023009923221701102,1,,2330.0,2330.0,0.0
1505122001432451501101,1,0.0,2320.0,2320.0,0.0
1506186004820931701101,1,,2310.0,2310.0,0.0
1506684008023121701102,1,,2310.0,2310.0,0.0
1506895003695951501103,1,0.0,2300.0,2300.0,0.0
1506945000271831701101,1,,2310.0,2310.0,0.0
1507921001343501611101,0,0.0,,,
1508122009482411701101,0,,,,
1508232005311231711102,1,,2320.0,2320.0,0.0
1509520414003531701101,1,,2310.0,2310.0,0.0
1512011165536901701101,0,,,,
1515448005381321501102,1,0.0,2310.0,2310.0,0.0
1515707008682241601101,0,,,,
1516273004089751611101,0,0.0,,,
1516273004089751611102,0,0.0,,,
1516334004187551611101,0,0.0,,,
1516857008729111501101,1,,,,
1518388000718831711101,0,,,,
1519882005304021601102,0,1.0,230.0,230.0,
1530060168552301701102,1,,2300.0,2300.0,0.0
1536080143013001701102,0,,,,
1546637005024531501101,1,,2300.0,2300.0,0.0
1550301084174101811102,0,,,,
1562010172729301601101,0,0.0,,,
1570020127023001801101,0,,,,
1571021117430201601101,0,0.0,,,
1571021117430201601102,0,0.0,,,
1573178840500151711101,1,,2310.0,2310.0,0.0
1579428109091961601102,0,0.0,,,
1601585007334721601102,0,0.0,,,
1602190714107691501102,1,0.0,2310.0,2310.0,0.0
1602970214059571701101,1,,2310.0,2310.0,0.0
1602980211059671601101,0,0.0,,,
1603234004138131601102,0,0.0,,,
1603510813015671711103,1,,2330.0,2300.0,0.0
1603614006034901601101,0,0.0,,,
1604349006866911601101,0,0.0,,,
1605347830911101701101,0,,,,
1605941007616221701102,0,,,,
1606099002233241501101,1,0.0,2310.0,2310.0,0.0
1606482000178541801102,0,,,,
1606546120018201701101,0,,,,
1606585007394741501101,1,,,,
1606809542917601501101,1,0.0,2310.0,2310.0,0.0
1607234005709751601101,0,0.0,,,
1607749641816831601101,0,0.0,2320.0,2320.0,
1607915004800731511102,1,0.0,2310.0,2310.0,0.0
1607915005759231701101,1,,2320.0,2320.0,0.0
1607915005759231701102,1,,2310.0,2310.0,0.0
1608799007124621701102,0,,,,
1609349006856941701102,1,,2320.0,2320.0,0.0
1609585005304741701102,0,,,,
1609690213091391501101,1,0.0,2320.0,2320.0,0.0
1609760210243101501101,1,,2310.0,-1.0,1.0
1609915006840711511102,1,1.0,2205.0,2205.0,-1.0
1609915009759231701101,1,,2310.0,2310.0,0.0
1609915009759231701102,1,,2310.0,2310.0,0.0
1611843930400191701101,0,,,,
1612346007653031601101,0,,,,
1616915005719231601101,0,,,,
1619004162093561701101,0,,,,
1620901047291491801101,0,,,,
1625924006190801701102,0,,,,
1630032008972341701101,0,,,,
1647944018314541601101,0,0.0,,,
1669847007870011801101,0,,,,
1673598203431681601103,0,,,,
1673598203431681601104,0,0.0,,,
1690585016384701501101,1,0.0,2310.0,2310.0,0.0
1691426016139401601101,0,0.0,,,
1691426016139401601102,0,0.0,,,
1698426016199401501102,1,1.0,2205.0,2205.0,-1.0
1700254008216011701101,1,,2310.0,2310.0,0.0
1700432000521641711101,1,,2310.0,2310.0,0.0
1700878009480201701101,1,,2310.0,2310.0,0.0
1701016005516841511102,1,1.0,4120.0,2350.0,-1.0
1701046007013121701102,1,,2310.0,2310.0,0.0
1701735720715211611101,0,0.0,,,
1702432005551641801103,0,,,,
1702694007253831601102,0,0.0,,,
1703072000773751501101,1,,2320.0,2320.0,0.0
1703320514040621501101,1,0.0,2320.0,2320.0,0.0
1703507006594401701102,1,,2310.0,2310.0,0.0
1704865009540211501101,1,0.0,2310.0,-1.0,1.0
1704865009540211501102,1,0.0,2310.0,2310.0,0.0
1705196002637521811102,0,,,,
1705301009624311701101,0,,,,
1705571007522721501101,1,1.0,2435.0,2545.0,-1.0
1705815005074131701101,0,,,,
1706069002279641701101,1,,2310.0,2310.0,0.0
1706654002637641701102,1,,2310.0,2310.0,0.0
1707710006966221601102,0,0.0,,,
1708541005991501501101,1,,2320.0,2320.0,0.0
1708541005991501501102,1,,3230.0,3230.0,-1.0
1708742630818901601102,0,,,,
1708785001614721501101,1,,6355.0,6355.0,-1.0
1708879001719601701102,1,,2310.0,2310.0,0.0
1709459250016401701102,0,,,,
1710705006618401701102,1,,2300.0,2300.0,0.0
1710801006538901701101,1,,2310.0,2310.0,0.0
1710901064771441701101,1,,2310.0,2310.0,0.0
1710901064771441701102,1,,2310.0,2310.0,0.0
1713004105456161501102,1,0.0,2310.0,2310.0,0.0
1715215006321431601101,0,,,,
1716002011615591601101,0,0.0,,,
1716710009916241501102,1,1.0,2310.0,-1.0,1.0
1718165008135511601101,0,0.0,2310.0,2310.0,
1718705006628431601101,0,0.0,,,
1719507006544411501101,1,1.0,4600.0,4600.0,-1.0
1720016003516851701102,0,,,,
1730316102441281601102,0,0.0,,,
1739821720901111501101,1,,,,
1741534002672811601101,0,1.0,,,
1750601097373571501101,1,0.0,2310.0,2310.0,0.0
1765322402091261601102,0,0.0,2310.0,2310.0,
1778472730900151701101,0,,,,
1778472730900151701102,0,,,,
1789120710900111601101,0,0.0,,,
1800037002610941801102,0,,,,
1800187009526731501102,1,0.0,2300.0,2300.0,0.0
1800450410058081711102,1,,2310.0,2310.0,0.0
1800460410158181701101,0,,,,
1802270112093341701101,1,,2310.0,2310.0,0.0
1804325560817201501102,1,,,,
1804660420011541701101,1,,2300.0,2300.0,0.0
1804660420011541701102,1,,2300.0,2300.0,0.0
1805338490211101701102,1,,2310.0,2310.0,0.0
1806551002726321701101,1,,2320.0,2320.0,0.0
1807228001001661701101,1,,2330.0,2300.0,0.0
1807673006341711511101,1,1.0,2205.0,2205.0,-1.0
1807816008756621711101,0,,,,
1808887007784611701102,0,,,,
1808934001320301611101,0,0.0,,,
1809962001304351601102,0,1.0,,,
1809970011010671501102,1,0.0,2310.0,2310.0,0.0
1813818002986611601102,0,0.0,2310.0,2310.0,
1817000042672281601101,0,0.0,,,
1818816006726651701101,0,,,,
1826671004074451701102,0,,,,
1826673000381751701101,0,,,,
1828202006088531601101,0,0.0,,,
1845549530400141601102,0,0.0,,,
1845649550400141711101,1,,2310.0,2310.0,0.0
1861935930401121701105,0,,,,
1900244006491221501101,1,,,,
1900298001010701501101,1,1.0,0.0,-1.0,-1.0
1900855002620321711101,1,,2310.0,2310.0,0.0
1902308190315801701101,1,,2310.0,2310.0,0.0
1902871007240841701102,0,,2310.0,2310.0,
1902990005053201701102,1,,2320.0,2320.0,0.0
1905272005425641501101,1,,2330.0,2330.0,0.0
1905508005876721601101,0,0.0,2310.0,2320.0,
1905676007510621701101,1,,2300.0,2300.0,0.0
1906089003138411701101,0,,,,
1906745001917951801103,0,,,,
1906923009311931701101,1,,2310.0,2310.0,0.0
1906923009311931701103,1,,2310.0,2310.0,0.0
1907238008054241701101,1,,2310.0,2310.0,0.0
1907266008546821501101,1,0.0,2310.0,2310.0,0.0
1907557950013611501102,1,0.0,2320.0,2320.0,0.0
1908119001529521701102,1,,2320.0,2310.0,0.0
1908519560818511711101,0,,,,
1908900001316851701101,1,,2310.0,2310.0,0.0
1908981005822801511101,1,0.0,2310.0,2310.0,0.0
1909298001040741701101,1,,2320.0,2320.0,0.0
1909404060610201701102,1,,2310.0,2310.0,0.0
1909550514097591611101,0,0.0,,,
1910508000826751701102,0,,,,
1911298005020741601101,0,0.0,2310.0,2310.0,
1916009026671001511101,1,,,,
1916163006377331801102,0,,,,
1917014230600111811101,0,,,,
1918295002618141601102,0,,,,
1918632008476541601102,0,0.0,,,
1919226006550431701103,1,,2320.0,2320.0,0.0
1920701084992371701102,1,,2310.0,2310.0,0.0
1922676000560611501101,1,0.0,2310.0,2310.0,0.0
1940601000503411601101,0,0.0,,,
1945371040401151701102,1,,2310.0,2310.0,0.0
1948244002471211501102,1,1.0,2310.0,-1.0,1.0
1950301077373711601101,0,0.0,2320.0,2320.0,
1957139709431781801101,0,,,,
1970849100081861501101,1,0.0,2310.0,2310.0,0.0
1981206000900101701103,1,,2310.0,2310.0,0.0
1983163540101101801102,0,,,,
1986281401491481701102,0,,,,
2001501261907961711102,0,,,,
2001600542757401601102,0,0.0,2300.0,2300.0,
2004250212171571701101,0,,,,
2004310620814301701101,1,,2310.0,2310.0,0.0
2004680311110071501101,1,0.0,2310.0,2310.0,0.0
2005210315136651601102,0,0.0,,,
2009850510061681701101,1,,2310.0,2310.0,0.0
2012000095377131601101,0,,,,
2012002136812451701101,0,,,,
2021804624775201701101,0,,2330.0,2330.0,
2021804624775201701102,0,,2310.0,2310.0,
2031305432482521801102,0,,,,
2031509130200131501102,1,0.0,2310.0,2310.0,0.0
2031600129280461701102,0,,,,
2049868920601171601102,0,,,,
2051301132469181701102,0,,,,
2051600457327011701101,0,,2310.0,2310.0,
2060101037053221711101,1,,2310.0,2310.0,0.0
2060101037053221711102,1,,2320.0,2330.0,0.0
2061503632137401501101,1,0.0,2310.0,2310.0,0.0
2061600103190091601102,0,,,,
2081101778714451711101,1,,2320.0,2320.0,0.0
2081600352540671601101,0,0.0,,,
2081600352540671601102,0,0.0,,,
2093052127963601601101,0,,,,
2093052127963601601102,0,,,,
2095012122057401701101,0,,,,
2100431052351751711103,1,,2320.0,2320.0,0.0
2102200114016631711101,1,,2320.0,2320.0,0.0
2104010192396101501102,1,1.0,2545.0,2545.0,-1.0
2105706730810621501101,1,,,,
2108051172870301701102,0,,,,
2113007417872111501101,1,1.0,2545.0,2545.0,-1.0
2118003013191471711102,1,,2320.0,2320.0,0.0
2119021184278401601102,0,0.0,,,
2130032158659401701101,0,,,,
2139080143351101501102,1,,,,
2149051166958501501101,1,,,,
2171042101653201601102,0,0.0,,,
2173173240900161501101,1,0.0,2310.0,2310.0,0.0
2194062122269601501102,1,0.0,2310.0,2310.0,0.0
2202115790518801601102,0,0.0,,,
2202937490019901601102,0,0.0,2310.0,2310.0,
2207070165128101711101,0,,,,
2207940610231021701101,1,,2310.0,2310.0,0.0
2208837920311801701102,0,,,,
2210111005421651701101,1,,2300.0,2300.0,0.0
2210402020300171501102,1,1.0,2310.0,-1.0,1.0
2218080124906401601102,0,0.0,,,
2222050148190901601101,0,0.0,,,
2250201041854771601101,0,0.0,,,
2270080172247801611102,0,0.0,,,
2270101093951691701101,1,,2320.0,2320.0,0.0
2278080134950101611101,0,,,,
2290481023053901701101,0,,,,
2299070160338201711102,0,,2300.0,2300.0,
2300647110616811501103,1,0.0,0.0,-1.0,-1.0
2306018840513601701101,1,,2310.0,2310.0,0.0
2310005061338291701101,0,,,,
2314002096727451501101,1,0.0,2310.0,2310.0,0.0
2316110050000171601101,0,0.0,,,
2327053160956001701103,1,,0.0,2310.0,-1.0
2372051140757101611102,0,1.0,,,
2379007128626901501101,1,0.0,2310.0,2310.0,0.0
2379007128626901501102,1,1.0,2360.0,2360.0,-1.0
2398023124169501701101,1,,2320.0,2320.0,0.0
2401139430316111701102,0,,2310.0,2310.0,
2401360112025571801102,0,,,,
2403216760818901701101,0,,,,
2409170814044141601103,0,,,,
2413008011866521811101,0,,,,
2427060127953801701101,1,,2300.0,2300.0,0.0
2450921013315651711103,0,,,,
2460090143633501601102,0,1.0,,,
2479001134626901501101,1,0.0,2310.0,2310.0,0.0
2484080124114501601102,0,,,,
2495020156001901601101,0,,2310.0,2310.0,
2495330410900111501101,1,1.0,2310.0,-1.0,1.0
2497000158749901801101,0,,,,
2500140912092101501101,1,,,,
2503760211076331701101,1,,2310.0,2310.0,0.0
2505946230211501601101,0,0.0,,,
2506005560715601601102,0,0.0,2310.0,2310.0,
2506880011021341701101,1,,2310.0,2310.0,0.0
2507460315080641711101,1,,2320.0,2320.0,0.0
2511009072368091701102,1,,2310.0,2310.0,0.0
2512005031700351711102,0,,,,
2515000163992181601101,0,0.0,,,
2516004072307181701101,1,,2330.0,2330.0,0.0
2517005274275301501101,1,1.0,2205.0,2205.0,-1.0
2518000047167101601101,0,1.0,,,
2518005031363111501102,1,0.0,2320.0,2320.0,0.0
2529220920500151701101,1,,2330.0,2330.0,0.0
2578644930700111701101,1,,2300.0,2300.0,0.0
2580700340702181601101,0,1.0,2360.0,2360.0,
2600311006320061601101,0,,,,
2600920113139541811102,0,,,,
2605602750914801601102,0,,,,
2607260410047501501102,1,,2310.0,2310.0,0.0
2610005170216381701102,0,,,,
2612009014169241601102,0,0.0,,,
2616004007106151511101,1,0.0,2320.0,2320.0,0.0
2616008285398331601102,0,0.0,,,
2619004262292161501102,1,1.0,2360.0,2360.0,-1.0
2624422940400101701101,0,,,,
2624422940400101701102,0,,,,
2650511026592841501102,1,0.0,2310.0,2310.0,0.0
2660501067004851601102,0,,,,
2670811023750991501102,1,0.0,2310.0,2310.0,0.0
2690001000983941501102,1,,,,
2701733830510001811101,0,,,,
2703405830216501611101,0,0.0,2310.0,2310.0,
2703610910031131711101,1,,2310.0,2310.0,0.0
2719007061876051701104,0,,2310.0,2310.0,
2760201058353341701101,0,,2310.0,2310.0,
2800429140012211711101,0,,,,
2804060713157861601102,0,,,,
2804370511764281701101,0,,,,
2807090211092671601101,0,0.0,,,
2807090211092671601102,0,0.0,,,
2809080914204851701101,0,,,,
2817001051747311601101,0,0.0,,,
2817003034861491501103,1,0.0,2330.0,2330.0,0.0
2856995120000181701102,0,,2310.0,2310.0,
2867186700001121601101,0,,,,
2871381040700191501102,1,,2310.0,2310.0,0.0
2877554830400111501102,1,0.0,2310.0,2310.0,0.0
2902080514045581701101,1,,2310.0,2310.0,0.0
2907126870417511801102,0,,,,
2908480714118601501101,1,,,,
2909860510160021701102,1,,2310.0,2310.0,0.0
2910002091329251501101,1,0.0,2300.0,2310.0,0.0
2911003097742401701102,1,,2320.0,2320.0,0.0
2913003278140581601102,0,1.0,,,
2914001375306071501101,1,0.0,2310.0,2310.0,0.0
2917003080808291701101,0,,,,
2920611028474051701101,1,,2310.0,2310.0,0.0
2930801078461621701101,0,,,,
3000470611778781701102,0,,,,
3002750712088041611102,0,0.0,,,
3003380813049131701101,1,,2310.0,2310.0,0.0
3004522810313201711101,1,,2300.0,2300.0,0.0
3006330613059131711101,1,,2310.0,2310.0,0.0
3010009126498471701101,1,,2300.0,2300.0,0.0
3010701000782991701101,0,,,,
3013006010431581501103,1,,3603.0,3645.0,-1.0
3020901043254991711101,0,,,,
3031404568985691701101,0,,,,
3041101544757401711101,1,,0.0,2320.0,-1.0
3066121210000161601102,0,0.0,,,
3066594520301141601102,0,0.0,,,
3073350140301171801101,0,,,,
3081605461229571701101,0,,,,
3106210912050321501101,1,1.0,4220.0,-1.0,-1.0
3106752790510401701102,1,,2310.0,2310.0,0.0
3110871072851901711101,0,,,,
3111005051448461801101,0,,,,
3121030124529201701102,0,,,,
3169155200602111801102,0,,,,
3170654610900121601101,0,,,,
3182062410600161711102,0,,,,
3186080132691801801101,0,,,,
3187040108522301701102,1,,2310.0,2310.0,0.0
3201080712062171501102,1,,2310.0,2320.0,0.0
3201590212064151701102,1,,2310.0,2310.0,0.0
3201740515160591601101,0,0.0,,,
3202105220015101611101,0,,,,
3203032920216101811101,0,,,,
3203605421219691501101,1,0.0,2310.0,2310.0,0.0
3259031140597701701101,0,,2310.0,2330.0,
3274051100450701601102,0,0.0,2330.0,2330.0,
3285569910900141701101,0,,,,
3300607480217211501102,1,1.0,230.0,230.0,-1.0
3300930411049551701102,0,,,,
3303640812000851701104,1,,2310.0,2310.0,0.0
3308970211002521701102,1,,2330.0,2330.0,0.0
3308990613023111601102,0,0.0,,,
3310601007741311701102,0,,,,
3320511006433231501101,1,0.0,2310.0,2310.0,0.0
3350801072052901701102,1,,2320.0,2320.0,0.0
3351051134205201701101,0,,2310.0,2310.0,
3368091150582601601101,0,0.0,,,
3403019960114021501102,1,0.0,2320.0,2320.0,0.0
3403849700419801701101,1,,2320.0,2320.0,0.0
3403990111054021501102,1,1.0,2205.0,2205.0,-1.0
3406360213140581601101,0,0.0,2320.0,2320.0,
3406360213140581601102,0,0.0,2320.0,2320.0,
3408230811086871501102,1,0.0,2300.0,2300.0,0.0
3428560910119571801102,0,,,,
3447941630500181701101,0,,,,
3450621007540311701102,1,,2310.0,2310.0,0.0
3502500211157541601102,0,0.0,,,
3502510211657441811101,0,,,,
3503810213009831601101,0,0.0,2320.0,2320.0,
3505556570915401701101,1,,2330.0,2330.0,0.0
3508420014054081501101,1,0.0,2310.0,2310.0,0.0
3511128750400141701102,1,,2310.0,2310.0,0.0
3513000036462491601101,0,0.0,,,
3521012122813401801101,0,,,,
3524037420500131601103,0,0.0,,,
3553010108089901711101,0,,,,
3565872400809161701101,1,,2310.0,2310.0,0.0
3583002166356001601101,0,0.0,,,
3590211004213731701101,0,,2320.0,2320.0,
3604032920216111701101,0,,2310.0,2310.0,
3604540310713801701102,1,,2320.0,2320.0,0.0
3610901011713191701102,1,,2310.0,2310.0,0.0
3611006108537361601102,0,1.0,,,
3639386350500121701101,1,,2310.0,2310.0,0.0
3660521020530861501101,1,0.0,2310.0,2310.0,0.0
3669687240900131601101,0,0.0,,,
3680311044423771501101,1,,,,
3700756710813461711101,0,,,,
3701625420219701701102,1,,2310.0,2310.0,0.0
3701907590413101501104,1,,2300.0,2300.0,0.0
3707054310413001501101,1,0.0,2300.0,2300.0,0.0
3707522810313501601102,0,0.0,2320.0,2320.0,
3762835930801191601101,0,0.0,,,
3762835930801191601102,0,0.0,,,
3789532120800101711102,0,,2310.0,2310.0,
3790951032681311601101,0,0.0,,,
3800456680319111701102,0,,,,
3803770511020891801102,0,,,,
3804680714137611701102,1,,2310.0,2310.0,0.0
3810301035441031601102,0,0.0,,,
3812260110993841601102,0,0.0,2300.0,2300.0,
3816002114013231601101,0,0.0,,,
3820001097272801701101,1,,2310.0,2310.0,0.0
3900070711014191701101,1,,2310.0,2310.0,0.0
3900070711014191701102,1,,2310.0,2310.0,0.0
3901406410410911601101,0,0.0,,,
3902552100714601701101,1,,530.0,2330.0,-1.0
3904230611164111601101,0,0.0,,,
3904270612064811701104,0,,,,
3909436430017601501102,1,,2310.0,2330.0,0.0
3910801056901751701102,1,,2310.0,2310.0,0.0
3910901075281021701102,1,,2310.0,2310.0,0.0
3912005094050291711102,1,,2310.0,2310.0,0.0
3925064010301161701101,1,,2310.0,2310.0,0.0
3939161020001111501102,1,,,,
3950901032383311601101,0,0.0,,,
3958248320700161711101,0,,,,
3960601010004011601101,0,0.0,,,
3961955300201151601101,0,1.0,,,
3971454330201151501101,1,0.0,2310.0,2310.0,0.0
4002740714088241701101,1,,2320.0,2320.0,0.0
4004946150212001701101,1,,2310.0,2310.0,0.0
4008220512075981601102,0,0.0,2300.0,2300.0,
4011201943855561601101,0,,,,
4012005018314331801102,0,,,,
4015007099782491701102,1,,2300.0,2300.0,0.0
4018008487244561611102,0,0.0,,,
4020141064481091701102,0,,2300.0,2300.0,
4030131064281091601102,0,0.0,,,
4041503956735971601101,0,0.0,,,
4051001641252381701101,0,,,,
4059044139166501501102,1,1.0,4920.0,4920.0,-1.0
4060601082834521711101,0,,,,
4075000168477501511101,1,1.0,2310.0,-1.0,1.0
4075000168477501511102,1,0.0,2310.0,2310.0,0.0
4080321076231981501102,1,0.0,2310.0,2310.0,0.0
4088000172673101701101,1,,2310.0,2310.0,0.0
4096011105377101601102,0,,,,
4104222730516701701102,0,,,,
4104958680110301601102,0,0.0,,,
4106515020715701601101,0,0.0,,,
4110002048378091701101,0,,,,
4112008124167491801102,0,,,,
4115003236279321701101,1,,310.0,2310.0,-1.0
4124791510500161701102,1,,2320.0,2320.0,0.0
4151804350496441801101,0,,,,
4160571007741571711101,0,,2310.0,2310.0,
4161145800600241701101,1,,2300.0,2300.0,0.0
4171444820600141601101,0,0.0,,,
4201622740110601701101,1,,2310.0,2310.0,0.0
4201738540111521601101,0,1.0,,,
4201738540111521601102,0,1.0,,,
4202029930415801611101,0,0.0,,,
4203454050100171511102,1,,,,
4214006044700461601101,0,,,,
4218004030257381501102,1,0.0,2310.0,2310.0,0.0
4219004022386501711101,1,,2310.0,2310.0,0.0
4220701064741641601102,0,0.0,,,
4235050114248501701101,1,,2310.0,2310.0,0.0
4248070172921901701101,0,,,,
4253011160089901701101,0,,2300.0,2300.0,
4258040143483601701101,1,,2310.0,2310.0,0.0
4260101058322711701101,0,,,,
4300060513230201501102,1,0.0,2310.0,2310.0,0.0
4300311059045011601101,0,0.0,2310.0,2310.0,
4304880014342271501101,1,0.0,2320.0,2320.0,0.0
4306136200714601601102,0,0.0,,,
4309610915029241501101,1,0.0,2310.0,2310.0,0.0
4311000145876021501102,1,0.0,2310.0,2310.0,0.0
4315007066742271711102,1,,2310.0,2310.0,0.0
4316090174049301501101,1,,2310.0,2310.0,0.0
4320301017913251711101,0,,,,
4360080192084701701101,0,,,,
4360311076132981501101,1,,,,
4400761077450051701101,0,,,,
4400761077450051701102,0,,,,
4401734990112601701102,1,,2310.0,2310.0,0.0
4402132380611301711102,1,,2310.0,2310.0,0.0
4402330370512401701101,1,,2310.0,2310.0,0.0
4402446640417201501101,1,1.0,5860.0,5860.0,-1.0
4407220714046201501101,1,0.0,2310.0,2310.0,0.0
4410111064980091701105,0,,,,
4415005034348341701101,1,,2300.0,2300.0,0.0
4416004074242461501101,1,0.0,2330.0,2330.0,0.0
4417009276869401601102,0,0.0,,,
4450350310201141501102,1,0.0,2320.0,2320.0,0.0
4450552310201141601101,0,0.0,,,
4500970413021781501103,1,0.0,2310.0,2310.0,0.0
4503210212048741501102,1,0.0,2310.0,2310.0,0.0
4503840215109431811101,0,,,,
4504050134231101701103,0,,,,
4506451850616021701101,0,,,,
4506451850616021701102,0,,,,
4506747500413821501101,1,0.0,2310.0,2310.0,0.0
4508230113003711701101,1,,2310.0,2310.0,0.0
4511009272166591711102,0,,,,
4517000020296371701101,1,,2320.0,2320.0,0.0
4531020143538301601102,0,0.0,,,
4537559930200191701101,1,,2310.0,2310.0,0.0
4557454920200191711101,0,,,,
4565321550801131701101,0,,,,
4579040156194901601102,0,1.0,,,
4597011145336301701101,0,,,,
4600346810911811701102,0,,,,
4600420911680521701101,0,,,,
4600560713025951701103,0,,,,
4602800213192701801101,0,,,,
4603750912011271811103,0,,,,
4606170813068771601101,0,0.0,,,
4606170813068771601103,0,1.0,,,
4607740615025771711101,1,,2310.0,2310.0,0.0
4612000054793521701101,1,,2320.0,2320.0,0.0
4616002106394411701102,1,,2310.0,2310.0,0.0
4617000047245431601101,0,,,,
4617000047245431601102,0,,,,
4617007367926341701101,0,,,,
4619004062297361501102,1,,,,
4619007198887361601102,0,0.0,,,
4656682410400121611101,0,0.0,,,
4696786400400121701101,1,,2310.0,2310.0,0.0
4696786400400121701102,1,,2310.0,2310.0,0.0
4703515020715701701101,1,,2310.0,2310.0,0.0
4704290814121421801103,0,,,,
4705750010084981701102,0,,,,
4707760010244951501101,1,0.0,2310.0,2310.0,0.0
4708242410914601601101,0,0.0,2310.0,2310.0,
4710001263192141601101,0,1.0,4600.0,4600.0,
4715004060391581601103,0,0.0,,,
4717009795051131601101,0,0.0,,,
4725125520500121611101,0,,,,
4725699210600171501101,1,1.0,2360.0,2360.0,-1.0
4740601008532691701102,0,,,,
4755223510501121611101,0,0.0,,,
4769780810800121601101,0,,,,
4784296410300151601102,0,,,,
4801950911452461601101,0,,,,
4805240415031751711103,1,,2310.0,2320.0,0.0
4805512190618221701101,0,,,,
4810003057202441701101,1,,2310.0,2310.0,0.0
4810201028414341701103,1,,2300.0,2300.0,0.0
4810601001724731701101,1,,2310.0,2320.0,0.0
4810601001724731701102,1,,2310.0,2320.0,0.0
4815002075227151601101,0,0.0,,,
4817001051244211501101,1,0.0,2320.0,2320.0,0.0
4817001062761081701101,0,,2310.0,2310.0,
4860101064380091601102,0,,,,
4864607550300111611101,0,1.0,,,
4870301017710251701101,0,,,,
4902326150018701701101,0,,,,
4907443180016801601101,0,0.0,,,
4908732390617501601101,0,,,,
4911009043238181601101,0,,,,
4920211028274121601102,0,0.0,,,
4953706610901111611104,0,0.0,2310.0,2310.0,
4970121530200131701101,0,,2300.0,2300.0,
4982634240500151501103,1,0.0,2300.0,2310.0,0.0
4990123500201131501102,1,0.0,2310.0,2310.0,0.0
5001050141444901601101,0,,,,
5001050141444901601102,0,,,,
5001210711746141701101,0,,,,
5004302010819601701102,1,,2310.0,2310.0,0.0
5004709400511501511101,1,0.0,2320.0,2320.0,0.0
5006719400511311601101,0,,,,
5011004080425011611101,0,0.0,,,
5020011008283221511102,1,1.0,2722.0,2722.0,-1.0
5049070141935301501101,1,0.0,2310.0,2310.0,0.0
5053113320400121711101,0,,,,
5060401014655271611102,0,0.0,,,
5107400750717451501101,1,,,,
5117008006455571701101,1,,2310.0,2310.0,0.0
5124308500700191811102,0,,,,
5135094117242001501101,1,0.0,2310.0,2310.0,0.0
5141080146903301711101,0,,,,
5158818120700141701102,0,,,,
5186094197585101701101,0,,,,
5195519140300101601101,0,,,,
5200400750717451601101,0,,,,
5202829410512901801104,0,,,,
5203738890816901501101,1,0.0,2360.0,-1.0,-1.0
5203890512004451701101,0,,,,
5207028480418201711101,0,,,,
5207105250013601501101,1,0.0,2310.0,2310.0,0.0
5213002293568401501101,1,0.0,2310.0,2310.0,0.0
5213008359608461701101,0,,,,
5216002265599211701102,0,,,,
5220311083211231501103,1,0.0,2310.0,2300.0,0.0
5224090182006301601101,0,0.0,,,
5236060187697201501102,1,0.0,2310.0,2310.0,0.0
5248000122416901611101,0,1.0,2205.0,2360.0,
5248060146788001701101,1,,2310.0,2310.0,0.0
5256143040200191611101,0,,,,
5270421052411811701102,0,,,,
5291286110800151701101,0,,,,
5298031194586601601101,0,0.0,,,
5300412110713211601101,0,0.0,,,
5300780814205721501101,1,0.0,2330.0,2330.0,0.0
5308020184428501511101,1,,,,
5313004033650301501102,1,0.0,2310.0,-1.0,1.0
5319009047029231701101,1,,2320.0,2320.0,0.0
5322667900202161701102,0,,2330.0,2330.0,
5344061158381101701101,0,,2310.0,2310.0,
5360401014055271701101,0,,,,
5400511050350651601101,0,0.0,,,
5402127290817101701101,1,,2310.0,2310.0,0.0
5402703530013501701101,1,,2300.0,2300.0,0.0
5403705841613691601101,0,0.0,,,
5403822830912701501101,1,1.0,2310.0,-1.0,1.0
5403833900717901801102,0,,,,
5405390510176701701101,0,,,,
5407432880012001501101,1,0.0,2300.0,2300.0,0.0
5407432880012001501103,1,1.0,5740.0,5740.0,-1.0
5409802831912691501102,1,1.0,2545.0,2545.0,-1.0
5413022930900191511101,1,,,,
5414009122000361711101,0,,,,
5416004074041261701102,1,,2310.0,2310.0,0.0
5420296840000191701102,1,,2310.0,2310.0,0.0
5447010151138001811101,0,,,,
5447010151138001811102,0,,,,
5449050117958501611102,0,0.0,,,
5476315220500121501101,1,1.0,230.0,230.0,-1.0
5500694710602121501102,1,0.0,2310.0,2310.0,0.0
5503760211109781601101,0,0.0,,,
5504080108276501601102,0,0.0,,,
5504726480813101601101,0,0.0,,,
5506639300613301701102,1,,2320.0,2320.0,0.0
5506639300613301711101,0,,2310.0,2310.0,
5523060165835901501102,1,0.0,2310.0,2310.0,0.0
5530060160618001701102,0,,2330.0,2330.0,
5531273230700171711102,1,,2310.0,2310.0,0.0
5557148430002171701102,1,,2300.0,2300.0,0.0
5567649410000171711102,0,,,,
5570101035975341701101,0,,,,
5580301090252711701102,0,,,,
5592030148947201601102,0,0.0,,,
5603016760917771701102,0,,,,
5604337500618601601101,0,,,,
5609460614093981701102,1,,2310.0,2310.0,0.0
5613155050201131501102,1,0.0,2300.0,2300.0,0.0
5617007167526341701102,1,,2320.0,2320.0,0.0
5626268040701191501101,1,0.0,2310.0,2310.0,0.0
5640701052623581701101,1,,2310.0,2310.0,0.0
5645554520500101801101,0,,,,
5650801076352291701101,0,,,,
5650801076352291701102,0,,,,
5680201043763161701101,0,,,,
5700104690516451501101,1,1.0,2310.0,5120.0,1.0
5700301090654711711101,0,,,,
5701660412244791501101,1,0.0,2300.0,2300.0,0.0
5703256020511301501102,1,,,,
5703937620714001711101,1,,2310.0,2310.0,0.0
5707843900717001501101,1,0.0,2310.0,2310.0,0.0
5707843900717001501102,1,0.0,2310.0,2310.0,0.0
5714000180462181801101,0,,,,
5717009695351131611101,0,0.0,,,
5718004076087481701101,1,,2320.0,2320.0,0.0
5750401029093571601101,0,0.0,2310.0,2320.0,
5760501060801791701101,0,,2310.0,2310.0,
5802500314049441511101,1,1.0,440.0,2360.0,-1.0
5803330212013791701101,1,,2320.0,2320.0,0.0
5803330212013791701102,1,,2320.0,2320.0,0.0
5804002320614101601101,0,0.0,,,
5804414690313801601101,0,,,,
5804860012052921501101,1,0.0,2320.0,2320.0,0.0
5820331146544941601102,0,0.0,,,
5820331146544941601103,0,0.0,,,
5829365630900151701101,0,,2310.0,2310.0,
5829365630900151701102,0,,2320.0,2320.0,
5840101058384791701102,0,,,,
5850101086080421501101,1,,,,
5860601044834521501101,1,0.0,2320.0,2320.0,0.0
5891037900101131601102,0,1.0,,,
5902316850412701801101,0,,,,
5902955190015321501101,1,0.0,2330.0,2330.0,0.0
5905780510073991501101,1,0.0,2310.0,2310.0,0.0
5907255850314011501102,1,0.0,2310.0,2310.0,0.0
5909036760917001601101,0,,,,
5916009326072301701102,1,,2310.0,2310.0,0.0
5919002238036361601101,0,0.0,,,
5940701001502211701101,1,,2320.0,2320.0,0.0
5950903550600161601101,0,0.0,,,
5968300900600101701101,1,,2310.0,2310.0,0.0
6000523310710711601101,0,0.0,,,
6002860710043701601101,0,0.0,,,
6006011880514811701101,0,,,,
6010061101647301701102,0,,,,
6010811054922101801101,0,,,,
6016005050562491601101,0,0.0,,,
6018032184785701701102,0,,,,
6018230192242901501101,1,0.0,2310.0,2310.0,0.0
6021701577935811501102,1,0.0,2310.0,2310.0,0.0
6029043100021001701101,0,,,,
6031532030100101611101,0,0.0,,,
6050301036804951501102,1,0.0,2310.0,2310.0,0.0
6059050168225901701101,1,,2310.0,2310.0,0.0
6060903250701181501102,1,0.0,2320.0,2320.0,0.0
6069149187412601601105,0,0.0,,,
6070022106541301501101,1,,,,
6070022106541301501102,1,,,,
6077090156207801501102,1,,,,
6078082143950101501102,1,0.0,2310.0,2310.0,0.0
6084020146777701701102,0,,,,
6091201501297021701102,0,,2310.0,2310.0,
6095326730201181501101,1,0.0,2320.0,2320.0,0.0
6100220314010221601101,0,0.0,,,
6106270914050221801102,0,,,,
6107040132757401601103,0,1.0,,,
6109360515054711701101,1,,2310.0,2320.0,0.0
6117004035553541601101,0,0.0,,,
6126355720900171811101,0,,,,
6127547400901101501101,1,,440.0,440.0,-1.0
6170020168541301611102,0,,2310.0,2310.0,
6177010148569601501102,1,1.0,2310.0,-1.0,1.0
6188506340013161601101,0,0.0,,,
6202703700414801701101,1,,2300.0,2300.0,0.0
6204034720601111601101,0,0.0,,,
6204034720601111601102,0,0.0,,,
6206070713312481701102,0,,,,
6209010114465801601102,0,0.0,,,
6210360230501131601102,0,0.0,,,
6212007124685311501101,1,0.0,2310.0,2310.0,0.0
6213103230901121601101,0,0.0,,,
6216004198441211601101,0,,,,
6217002066586301501102,1,1.0,3245.0,3245.0,-1.0
6217007134608421501101,1,,2320.0,2320.0,0.0
6225315830903191701102,1,,2310.0,2300.0,0.0
6230291067393091701101,0,,,,
6230291067393091701102,0,,,,
6249050139958501701101,1,,2310.0,2310.0,0.0
6250321001803991501101,1,0.0,2310.0,2310.0,0.0
6260501079004661701102,1,,2310.0,2310.0,0.0
6262000148273401801101,0,,,,
6264728300719151501102,1,0.0,2320.0,2320.0,0.0
6283030119633601601101,0,0.0,,,
6284060168407101601101,0,0.0,,,
6304090139421201801102,0,,,,
6305559280618401701102,0,,,,
6314001104642461701101,0,,,,
6314007033602431601104,0,0.0,,,
6314012143752701701101,0,,,,
6350201052513421701102,1,,2310.0,2310.0,0.0
6358041174483601501101,1,0.0,2320.0,2320.0,0.0
6365012141945401701102,0,,2310.0,2310.0,
6378071117460501801102,0,,,,
6386010148758701701102,0,,,,
6387040146476001501101,1,1.0,2545.0,2545.0,-1.0
6388082103931501601103,0,0.0,,,
6390401080251121701101,0,,,,
6398094129669301701101,0,,,,
6400221067092091601102,0,0.0,,,
6402541970716101701101,1,,2320.0,2320.0,0.0
6410006011558441701102,0,,,,
6474030140360101701103,1,,2330.0,2330.0,0.0
6476090124791901801102,0,,,,
6477071119580601501102,1,0.0,2310.0,2310.0,0.0
6501020314039761701101,1,,2320.0,2320.0,0.0
6502210310099481501102,1,0.0,2310.0,2310.0,0.0
6504521460312501711101,0,,,,
6504753700414501701102,0,,2310.0,2310.0,
6505616700915001611102,0,0.0,2310.0,2310.0,
6506790914222741601101,0,,,,
6517071192219901601101,0,0.0,,,
6532444320801121601101,0,0.0,,,
6551050143205201711102,1,,2320.0,2320.0,0.0
6560541079601661701101,0,,,,
6567711700900171801103,0,,,,
6568020182113401511101,1,0.0,2310.0,2310.0,0.0
6568021117113401711101,0,,2320.0,2320.0,
6579072105464901601102,0,,,,
6589118340002151701102,0,,,,
6589713340001151601102,0,0.0,,,
6594452440400101501102,1,1.0,2001.0,2001.0,-1.0
6600020280719901711101,0,,,,
6600981242420531701102,0,,,,
6616006158496021501101,1,0.0,2320.0,2320.0,0.0
6629946310001181601102,0,,,,
6680203840900151701102,1,,2310.0,2310.0,0.0
6696220430900191701101,0,,,,
6707142020717921501101,1,0.0,2330.0,2330.0,0.0
6707648590317801601102,0,0.0,2320.0,2320.0,
6730331001901991701101,1,,2330.0,2330.0,0.0
6730331001901991701102,1,,2330.0,2330.0,0.0
6758188750400191801101,0,,,,
6759845920400171701101,0,,,,
6759845920400171701102,0,,,,
6765840800002171701102,0,,,,
6783037040402121701101,1,,2320.0,2320.0,0.0
6801900315085741501101,1,,2310.0,2310.0,0.0
6801900315085741501102,1,,2320.0,2320.0,0.0
6804680714337411701102,0,,,,
6804819690411301701102,0,,,,
6808125140700161711102,0,,,,
6817007085502141501101,1,0.0,2310.0,2310.0,0.0
6820111098764191601102,0,0.0,2310.0,2310.0,
6855512540600191701102,1,,2310.0,2310.0,0.0
6900431079154221501102,1,1.0,0.0,4220.0,-1.0
6901860112263751501102,1,0.0,2310.0,2310.0,0.0
6902470011046721501102,1,0.0,2310.0,2310.0,0.0
6920544510104161601102,0,,,,
6940201041623381701101,0,,,,
6980711042922851801102,0,,,,
6990201086423711701101,0,,,,
7004260913362651701101,0,,,,
7004732540118001711102,1,,2310.0,2310.0,0.0
7006020111199131701103,0,,,,
7006513790519121711102,1,,2310.0,2310.0,0.0
7009400613121641601102,0,0.0,,,
7009860510061081501101,1,1.0,750.0,750.0,-1.0
7012005442135191601101,0,0.0,,,
7012008069700441501101,1,0.0,2320.0,2320.0,0.0
7012008069700441501102,1,0.0,2310.0,2310.0,0.0
7041701933132831701101,0,,,,
7061198800919101501101,1,0.0,2300.0,2300.0,0.0
7061198800919101501102,1,0.0,2310.0,2310.0,0.0
7061390800919101501103,1,0.0,2310.0,2310.0,0.0
7061390800921101501102,1,0.0,2310.0,2310.0,0.0
7080111045405951601103,0,0.0,,,
7080401016423811801102,0,,,,
7094469940702161501102,1,0.0,2310.0,2310.0,0.0
7094965940702161501102,1,,,,
7100516340510131711101,1,,2300.0,2300.0,0.0
7105410010097171511101,1,1.0,4600.0,4600.0,-1.0
7111007063221091611101,0,0.0,,,
7128035196393101601102,0,0.0,,,
7130601088795851701102,0,,,,
7131798110600111601101,0,0.0,2310.0,2310.0,
7175398240600171501101,1,0.0,2310.0,2310.0,0.0
7196063114077501701102,1,,2310.0,2310.0,0.0
7201254890216101701101,1,,2310.0,2310.0,0.0
7201414330513801701101,1,,2310.0,2310.0,0.0
7201522150414501501102,1,,,,
7208533790519701701101,0,,,,
7210701069914891701101,1,,2310.0,2310.0,0.0
7212080143899601501102,1,0.0,2320.0,2320.0,0.0
7213008159308461701101,1,,2310.0,2310.0,0.0
7214005047162301701102,0,,,,
7224925910801111601101,0,0.0,,,
7230901017761991701103,1,,2330.0,2330.0,0.0
7240701054641171801102,0,,,,
7294000192435101601101,0,0.0,,,
7301410210030151501101,1,0.0,2320.0,2320.0,0.0
7304753580118111501102,1,,,,
7305250413004041701101,0,,,,
7306944920410831701101,0,,,,
7307860510065001601101,0,0.0,,,
7307860510065001601102,0,0.0,,,
7307960112030391701102,1,,2320.0,2320.0,0.0
7314001004148161701102,1,,2310.0,2310.0,0.0
7338081199821701601101,0,0.0,,,
7354050168695401701102,0,,,,
7354060155503701501101,1,0.0,2310.0,2310.0,0.0
7359592300000101801102,0,,,,
7365010155501001601102,0,,,,
7370421043455081601104,0,,,,
7400701094634841511102,1,1.0,2360.0,2360.0,-1.0
7401130715058801601101,0,0.0,,,
7401150100310611701101,0,,,,
7402944920410811701101,1,,2310.0,2310.0,0.0
7403623450410901701101,0,,,,
7407060119715201711101,1,,2300.0,2300.0,0.0
7410101022423671711102,0,,,,
7412000103101601711101,1,,2310.0,2310.0,0.0
7412005043726581601101,0,0.0,,,
7417001013712121601101,0,,,,
7418560910819871601101,0,0.0,,,
7425694540800161701102,1,,2320.0,2320.0,0.0
7450201096523131701101,1,,2310.0,2310.0,0.0
7460746700601181601102,0,0.0,2310.0,2310.0,
7465386300000141601103,0,,,,
7484060114872801501101,1,0.0,2330.0,2330.0,0.0
7493091101209001601101,0,0.0,,,
7500721077132021501101,1,0.0,2350.0,2310.0,-1.0
7500911049064321501102,1,0.0,2310.0,2310.0,0.0
7502290312009541501101,1,0.0,2310.0,2310.0,0.0
7510008164271571501102,1,0.0,2310.0,2310.0,0.0
7511000487265391601101,0,,,,
7511004001779381501101,1,,,,
7514396800200161711102,0,,,,
7518005063368121601102,0,0.0,,,
7560101045300951601101,0,,,,
7562677630700161701101,1,,2320.0,2320.0,0.0
7562677630700161701102,1,,2320.0,2320.0,0.0
7578260730000151601101,0,0.0,,,
7600349900818801701102,1,,2310.0,2310.0,0.0
7600434560813101701101,1,,2330.0,2320.0,0.0
7605346730218501611102,0,0.0,,,
7612006042339291801101,0,,,,
7617009090375501701101,1,,2310.0,2310.0,0.0
7630801068932211701101,0,,2310.0,2310.0,
7640411074803361701102,0,,2310.0,2310.0,
7660421074600361501102,1,,,,
7703140100310001701101,1,,2310.0,2310.0,0.0
7703400513198341601101,0,0.0,,,
7703670911231831701102,1,,2320.0,2320.0,0.0
7704020314067081701101,0,,,,
7709731240115611601105,0,0.0,,,
7717006143354571701102,0,,,,
7718000130872421701101,0,,,,
7750111050674621701102,0,,2310.0,2310.0,
7801950911452861701101,0,,,,
7803860910032111601101,0,0.0,,,
7804175350900141711101,1,,2310.0,2310.0,0.0
7804562120201151701101,0,,,,
7804742540118501511101,1,,,,
7807415040715171701101,0,,,,
7810006087296251601102,0,0.0,,,
7840401016322811611101,0,0.0,,,
7860301050330351501102,1,0.0,2320.0,2320.0,0.0
7860301050330351501103,1,0.0,2310.0,2310.0,0.0
7860701037384981701102,0,,,,
7864366340600111701101,1,,2320.0,2320.0,0.0
7894477300901141501102,1,0.0,2330.0,2330.0,0.0
7902604380010101611101,0,0.0,,,
7909160015055351501101,1,0.0,2320.0,2320.0,0.0
7911003230312071511102,1,1.0,4600.0,4600.0,-1.0
7911009043231381801102,0,,,,
7912005084388251511102,1,0.0,2310.0,2310.0,0.0
7919007012315271701104,1,,2300.0,2300.0,0.0
7920101051241841601102,0,1.0,,,
7940501000134481701102,1,,2320.0,2320.0,0.0
7940711054540171701101,0,,,,
7961780400519191601101,0,,,,
7961788400518191601102,0,0.0,,,
8006051150549201601101,0,0.0,,,
8016007059621051611101,0,0.0,,,
8022893340500181501101,1,0.0,2320.0,2320.0,0.0
8037080158922901601102,0,1.0,,,
8041203619529891701101,0,,2310.0,2310.0,
8041203619529891701102,0,,2310.0,2310.0,
8070701034435891711101,1,,2310.0,2310.0,0.0
8074030140360101601101,0,,,,
8086646240513131601101,0,,,,
8087000127262501701101,1,,2310.0,2320.0,0.0
8102580513025601701102,0,,,,
8103080119352601601101,0,,,,
8103080119352601601102,0,,,,
8116018944546011601101,0,1.0,,,
8116030106149601601101,0,0.0,2310.0,2310.0,
8116030106149601601102,0,0.0,2320.0,2320.0,
8131600088017281601102,0,0.0,,,
8140030132437801701101,0,,2320.0,2320.0,
8140101093520721701101,0,,2310.0,2310.0,
8159502320900151801101,0,,,,
8180090122333401601101,0,0.0,,,
8201200013035851811102,0,,,,
8202080514177561501101,1,0.0,2310.0,2310.0,0.0
8202080514177561501102,1,0.0,2310.0,2310.0,0.0
8203121710415501701103,1,,2310.0,2310.0,0.0
8209980414274301801101,0,,,,
8234559930100161701102,1,,2310.0,2310.0,0.0
8234559930100161701103,1,,2310.0,2310.0,0.0
8234559930100161701104,1,,2310.0,2310.0,0.0
8245070151028901601102,0,,,,
8250641037821541601102,0,,,,
8252000160197601701110,0,,,,
8264291700601141701101,1,,2310.0,2310.0,0.0
8264291700601141701102,1,,2310.0,2310.0,0.0
8269250520700161701101,1,,2310.0,2310.0,0.0
8276070117291001711101,1,,2310.0,2310.0,0.0
8279040127090101601102,0,1.0,,,
8303913680318261701101,0,,,,
8312007025580341611102,0,,,,
8314220610079791601101,0,0.0,,,
8326351820600191601101,0,,,,
8365105500901161501102,1,,2310.0,2310.0,0.0
8388091141859201801101,0,,,,
8391030168999901801102,0,,,,
8402744030015201701102,1,,2310.0,2310.0,0.0
8403129122637101701102,0,,2310.0,2310.0,
8403743220314811501101,1,0.0,2310.0,2310.0,0.0
8406870811078871601101,0,0.0,,,
8409135980314401501102,1,,,,
8409443620111501601101,0,,,,
8413002468572151501101,1,0.0,2310.0,2310.0,0.0
8414090114957801801102,0,,,,
8418003001458261601101,0,1.0,,,
8425090143338001601103,0,0.0,,,
8435133181876201601102,0,,,,
8435139139876201701102,0,,,,
8445060146328501501101,1,0.0,2310.0,2310.0,0.0
8445163164911301601102,0,,,,
8450000117433001601101,0,0.0,,,
8452071174260701801101,0,,,,
8453052141160901701101,0,,,,
8461071137661201701101,0,,,,
8481030114422401701101,1,,2310.0,2310.0,0.0
8486090160538901501101,1,0.0,2310.0,2310.0,0.0
8487050119961201601101,0,,,,
8490050184887601501102,1,0.0,2310.0,2310.0,0.0
8495090189304701701101,1,,2320.0,2320.0,0.0
8495090189304701701102,1,,2320.0,2320.0,0.0
8498090151957801701102,1,,2310.0,2310.0,0.0
8498090151957801701104,1,,2310.0,2310.0,0.0
8498090151957801701105,1,,2310.0,2310.0,0.0
8498091177904301601102,0,0.0,,,
8498092134904301701103,0,,,,
8502240313009641601101,0,0.0,,,
8502240313009641601102,0,0.0,,,
8504925810716701701102,1,,2310.0,2310.0,0.0
8505331680017701501101,1,,,,
8506705650000111711102,1,,2300.0,2300.0,0.0
8511006360456031701101,0,,,,
8516004072002281611101,0,0.0,,,
8575467020300121701101,1,,2310.0,2310.0,0.0
8600921034125191601102,0,1.0,,,
8607120711099391701101,0,,,,
8610811025200571601101,0,0.0,,,
8610811025200571601104,0,1.0,,,
8611002001016101711102,1,,2320.0,2320.0,0.0
8613003036080431701102,1,,2300.0,2300.0,0.0
8613009367019471801101,0,,,,
8614133500100101601102,0,0.0,,,
8616009079525571501101,1,0.0,2310.0,2310.0,0.0
8640579830800141501101,1,,2320.0,2320.0,0.0
8654437500100101501102,1,0.0,2310.0,2310.0,0.0
8660001287020101501101,1,,800.0,7000.0,-1.0
8677230330700121701103,1,,2310.0,2310.0,0.0
8680911034925191601104,0,1.0,,,
8691230440103141701101,0,,,,
8701038180914801711102,1,,2310.0,2310.0,0.0
8707770014044351501101,1,0.0,2310.0,2310.0,0.0
8712004057412211501101,1,,2310.0,2310.0,0.0
8720021013263661701102,0,,,,
8750901030172221701101,1,,2320.0,2320.0,0.0
8765338000500161701101,0,,,,
8799165130300181701101,1,,2310.0,2330.0,0.0
8804329960315901601103,0,,,,
8805603420112501501103,1,0.0,0.0,2300.0,-1.0
8810501085711211701102,0,,,,
8835201850400141611101,0,0.0,,,
8900133510700121711102,1,,2320.0,2320.0,0.0
8901054610503181501102,1,0.0,2310.0,2310.0,0.0
8902687750400131611101,0,0.0,,,
8902687750400131611102,0,0.0,,,
8903160610281381701101,0,,,,
8903412420519301701102,1,,2310.0,2310.0,0.0
8906720714198371501101,1,0.0,2310.0,2310.0,0.0
8906720714198371501102,1,0.0,2310.0,2310.0,0.0
8907842510913811601102,0,0.0,,,
8910002091421451701101,1,,2320.0,2320.0,0.0
8910337510706121611101,0,0.0,,,
8919001099598131701101,0,,,,
8930311009764901601102,0,0.0,,,
8930401008941831601102,0,,,,
8931951620500181601101,0,0.0,,,
8950135530702121611101,0,,2310.0,2310.0,
8951755610504181701101,0,,,,
8995477000101161701102,0,,2310.0,2310.0,
9002560613073581701101,1,,2310.0,2310.0,0.0
9003320814149331601102,0,0.0,,,
9011002184778471501101,1,1.0,2722.0,2722.0,-1.0
9011600285529381701102,1,,2310.0,2310.0,0.0
9018022108376011601101,0,0.0,,,
9043041189542001701102,0,,,,
9059031127597701501101,1,0.0,2320.0,2320.0,0.0
9059031127597701501102,1,0.0,2320.0,2320.0,0.0
9070081161247801501101,1,0.0,2320.0,2310.0,0.0
9100032150910811811102,0,,,,
9102060113033091601102,0,0.0,,,
9105144490719811501102,1,0.0,2310.0,2310.0,0.0
9105307810013611601103,0,,,,
9108380714113381601102,0,0.0,,,
9109788250300141611101,0,0.0,2310.0,2310.0,
9109788250300141611102,0,0.0,2634.0,2600.0,
9111000041115531501101,1,0.0,2320.0,2320.0,0.0
9111004083147161801101,0,,,,
9111009153139081601102,0,0.0,,,
9117006073195211711102,1,,2320.0,2320.0,0.0
9161804358496441701102,0,,2310.0,2310.0,
9161804601816301701102,0,,,,
9169230110100111611101,0,0.0,,,
9177070146580601701101,0,,3550.0,2310.0,
9198140930500171701103,1,,2310.0,2310.0,0.0
9200011027651511701101,1,,2310.0,2310.0,0.0
9200611090000921701101,1,,2320.0,2320.0,0.0
9201846220617101601101,0,0.0,,,
9204870711071131501102,1,,,,
9211005016141551501102,1,1.0,2330.0,-1.0,1.0
9212004027968481801101,0,,,,
9212004027968481801104,0,,,,
9216002196163351601102,0,0.0,,,
9216004098247111601102,0,,,,
9218007171745261501101,1,0.0,2300.0,2300.0,0.0
9219008158288391601102,0,0.0,,,
9220571062573501601101,0,0.0,,,
9220571062573501601102,0,0.0,,,
9235427010600101701102,0,,,,
9250801058132021601101,0,0.0,,,
9255050124496801601102,0,0.0,,,
9265001143713101601101,0,0.0,,,
9268647200400151701101,1,,2300.0,2300.0,0.0
9271238240200121601101,0,0.0,,,
9300203390415631701101,0,,,,
9302060127581101701101,0,,,,
9307020011184851501102,1,0.0,2320.0,2320.0,0.0
9312002051906051601101,0,,,,
9312030146624801701101,0,,,,
9313001009940581701102,1,,2320.0,2320.0,0.0
9319002027165211511102,1,,2310.0,2310.0,0.0
9341735850300121711101,1,,2310.0,2310.0,0.0
9367755910700151701101,1,,2310.0,2310.0,0.0
9367758910701151701102,0,,,,
9396091150830001601101,0,0.0,,,
9398020127920801601101,0,,,,
9401818070814211601101,0,0.0,2300.0,2300.0,
9404060710175651601102,0,0.0,2310.0,2310.0,
9410355040800151601101,0,0.0,,,
9414009022807161701101,0,,2310.0,2320.0,
9417113050600161601101,0,,,,
9418001013191561601102,0,0.0,,,
9418005164360511611102,0,0.0,,,
9419004038258061801101,0,,,,
9419012381068411601101,0,0.0,,,
9422060134712701501102,1,1.0,2330.0,725.0,1.0
9453010141089901601102,0,0.0,,,
9460256010800151611102,0,0.0,,,
9469092153271501501101,1,,2310.0,2310.0,0.0
9500455250818101701101,1,,2310.0,2310.0,0.0
9500744320715701511102,1,0.0,2310.0,2310.0,0.0
9502960313196311601103,0,0.0,,,
9506245590512101701101,0,,,,
9510201025465611601101,0,1.0,,,
9510201033465631701102,1,,2310.0,2310.0,0.0
9510901062965191701101,1,,2310.0,2310.0,0.0
9511009059202251711101,1,,2300.0,2300.0,0.0
9514005088202441601101,0,0.0,,,
9515000063192281701101,1,,2310.0,2310.0,0.0
9530401079725321801101,0,,,,
9540511062871501611102,0,,,,
9560531062571501501102,1,0.0,2310.0,2310.0,0.0
9570511062271501611103,0,0.0,,,
9580001034210831701101,0,,,,
9595587430801101701101,0,,,,
9598243530600151501101,1,,,,
9606334880515611801102,0,,,,
9607280114096591701102,1,,2310.0,2310.0,0.0
9610006080915251601102,0,,,,
9610007185176471501102,1,0.0,2320.0,2320.0,0.0
9611006358376301501103,1,0.0,2310.0,2310.0,0.0
9613007062998431801102,0,,,,
9613008084954241601101,0,0.0,,,
9702347150212811701101,0,,2310.0,2310.0,
9708746260119811601101,0,,,,
9717009024118171701101,0,,,,
9760501010141041601102,0,0.0,,,
9760631095353851701102,0,,,,
9799494930501151601101,0,0.0,,,
9804060710257161701102,0,,2310.0,2310.0,
9804430680411301801102,0,,,,
9805029730018801511102,1,,2300.0,2300.0,0.0
9805913910919801501102,1,0.0,2310.0,2310.0,0.0
9809480914039601701102,1,,2320.0,2320.0,0.0
9812003022228421601102,0,,,,
9830701020904801701102,1,,2310.0,2310.0,0.0
9850201023870891601101,0,0.0,,,
9886280210900111701102,1,,2310.0,2310.0,0.0
9901551620113111801102,0,,,,
9902114490719301701102,1,,2310.0,2310.0,0.0
9902370414093151501101,1,,,,
9902455250818501701102,1,,2310.0,2310.0,0.0
9905250912075041701101,0,,,,
9910008015259351601101,0,0.0,,,
9914260610964811501101,1,0.0,2310.0,2310.0,0.0
9914260610964811501102,1,0.0,2310.0,2310.0,0.0
9918008048821471601101,0,,,,
9919003080255211711101,0,,,,
9970701031442681701101,0,,,,
9973487440900151701102,1,,2310.0,2310.0,0.0
